"","Origin","Aroma","Flavor","Acidity","Body","Balance","Aftertaste","Altitude","Label"
"1","Ethiopia",8.67,8.83,8.75,8.5,8.42,8.67,2075,"Non Organic"
"2","Ethiopia",8.75,8.67,8.58,8.42,8.42,8.5,2075,"Non Organic"
"3","Guatemala",8.42,8.5,8.42,8.33,8.42,8.42,1700,"Organic"
"4","Ethiopia",8.17,8.58,8.42,8.5,8.25,8.42,2000,"Non Organic"
"5","Ethiopia",8.25,8.5,8.5,8.42,8.33,8.25,2075,"Non Organic"
"6","Brazil",8.58,8.42,8.5,8.25,8.33,8.42,1784.19637859779,"Non Organic"
"7","Peru",8.42,8.5,8.5,8.25,8.25,8.33,1784.19637859779,"Non Organic"
"8","Ethiopia",8.25,8.33,8.42,8.33,8.5,8.5,1635,"Non Organic"
"9","Ethiopia",8.67,8.67,8.42,8.33,8.42,8.58,1635,"Non Organic"
"10","Ethiopia",8.08,8.58,8.5,7.67,8.42,8.5,1822.5,"Non Organic"
"11","Ethiopia",8.17,8.67,8.5,7.75,8.17,8.25,1905,"Non Organic"
"12","USA",8.25,8.42,8.33,8.08,8.17,8.17,1872,"Non Organic"
"13","USA",8.08,8.67,8.42,8,8.08,8.33,1943,"Non Organic"
"14","USA",8.33,8.42,8.25,8.25,8,8.08,609.6,"Non Organic"
"15","Ethiopia",8.25,8.33,8.25,8.58,8.75,8.5,1635,"Non Organic"
"16","USA",8,8.5,8.17,8.17,8,8.58,2080,"Non Organic"
"17","Indonesia",8.33,8.25,7.75,8.5,8.42,7.83,1500,"Organic"
"18","Ethiopia",8.17,8.33,8.33,8.42,8.33,8.25,1784.19637859779,"Non Organic"
"19","China",8.42,8.25,8.17,7.92,8,8.08,1450,"Non Organic"
"20","Ethiopia",8.17,8.17,8.17,8.08,8.33,8,1850,"Non Organic"
"21","USA",8,8.25,8.5,8.25,8,8.08,2019,"Non Organic"
"22","Costa Rica",8.08,8.25,8.17,8,8.33,8,1300,"Organic"
"23","Mexico",8.17,8.25,8,7.83,8.17,8.17,1320,"Non Organic"
"24","USA",8.25,8.33,8.17,7.83,8.17,8.17,2112,"Non Organic"
"25","Ethiopia",8.42,8.17,8.17,8.33,8,7.92,1784.19637859779,"Non Organic"
"26","Brazil",8.5,8.5,8,8,8,8,1250,"Non Organic"
"27","Ethiopia",7.83,8.25,8.17,8.17,8.17,8.08,1784.19637859779,"Non Organic"
"28","Uganda",8.42,8.17,8.17,7.83,7.92,8.17,1950,"Organic"
"29","Honduras",8.17,8.08,8,8.08,8,8.08,1400,"Non Organic"
"30","Taiwan",8,8,8.25,8,8.17,8,1200,"Non Organic"
"31","Nicaragua",7.92,8.25,8.33,8,8.08,8,1784.19637859779,"Non Organic"
"32","Tanzania, United Republic Of",8.42,8.17,8,7.58,8,8.17,1784.19637859779,"Organic"
"33","Brazil",8.5,8.17,7.75,8,8,8,1300,"Non Organic"
"34","Costa Rica",8.17,7.83,8.08,7.83,8,8,1300,"Organic"
"35","Ethiopia",8,8.08,8,8.08,8.08,7.92,1775,"Non Organic"
"36","Kenya",8.08,8,8.25,7.92,7.92,8,1800,"Non Organic"
"37","USA",8.08,8.17,7.92,7.92,7.83,8,1784.19637859779,"Non Organic"
"38","USA",8.25,8.42,7.75,7.67,7.83,8.08,1784.19637859779,"Non Organic"
"39","Ethiopia",7.92,7.75,8.08,8.08,8.17,8.08,1784.19637859779,"Non Organic"
"40","USA",7.67,8.17,8,8.17,8.08,8,1941,"Non Organic"
"41","Thailand",7.83,8.33,8.25,7.58,7.92,7.83,1300,"Organic"
"42","Brazil",8.17,7.92,7.75,8.33,8,7.92,12,"Non Organic"
"43","Brazil",8.42,7.92,7.75,7.92,8,8,12,"Non Organic"
"44","Taiwan",8.08,8.17,8.08,7.75,7.83,7.75,1000,"Non Organic"
"45","Kenya",8.08,8.08,8,7.83,8.08,8,1754,"Non Organic"
"46","Brazil",8.33,8,8,7.75,8,8,1250,"Non Organic"
"47","Uganda",8.08,8.08,7.92,8.08,7.92,7.83,1784.19637859779,"Organic"
"48","Colombia",7.75,7.92,8.08,8.08,8.17,7.83,1200,"Organic"
"49","Kenya",7.92,8.17,8.5,7.5,7.92,7.83,1860,"Non Organic"
"50","Uganda",8.25,8,8.08,8,7.92,7.83,1650,"Organic"
"51","Ethiopia",7.75,8.08,8.25,8,8,8,1750,"Non Organic"
"52","USA",8.33,8.17,8,7.75,7.83,7.75,426.72,"Non Organic"
"53","Guatemala",7.92,8.08,8.08,8.08,7.83,7.92,1784.19637859779,"Organic"
"54","Uganda",8.17,8.17,8.08,7.83,7.75,7.92,1650,"Organic"
"55","Colombia",8,8,8.17,7.83,8,8,1800,"Organic"
"56","Panama",8,8,8.08,7.83,8,7.92,1600,"Non Organic"
"57","Ethiopia",7.83,8.08,8.08,8,7.92,7.92,1900,"Organic"
"58","Guatemala",7.83,8,8.17,7.83,8,8,1524,"Organic"
"59","Guatemala",8,8,8.33,7.83,7.83,7.83,1417.32,"Non Organic"
"60","Ethiopia",7.83,8,8.17,7.92,8,7.83,1784.19637859779,"Non Organic"
"61","Peru",8,8,8.08,7.92,7.75,8,1784.19637859779,"Non Organic"
"62","El Salvador",7.92,8.17,7.92,7.75,7.83,8,1500,"Non Organic"
"63","El Salvador",7.83,8,7.75,7.92,8.17,8,1350,"Non Organic"
"64","USA",7.83,8,7.75,8.08,8,7.92,1784.19637859779,"Non Organic"
"65","Panama",8,7.75,7.83,7.67,8.58,7.83,1680,"Non Organic"
"66","Kenya",7.92,7.92,8.08,7.83,7.92,7.83,1900,"Non Organic"
"67","Ethiopia",7.83,8,7.92,7.83,8.08,7.83,1900,"Non Organic"
"68","Uganda",8.33,7.92,7.92,7.67,7.92,7.67,1600,"Organic"
"69","Guatemala",8,7.83,8.33,7.83,8,7.67,1731.264,"Organic"
"70","Ethiopia",7.75,7.83,8.17,7.92,7.83,7.83,1900,"Non Organic"
"71","Uganda",8.08,8,7.67,8,7.83,7.83,1950,"Organic"
"72","USA",7.92,7.92,7.92,7.75,7.92,7.75,1784.19637859779,"Non Organic"
"73","Brazil",8,8,7.67,7.75,8,8,1250,"Non Organic"
"74","El Salvador",8.08,7.83,8.08,7.83,7.83,7.83,1400,"Non Organic"
"75","China",8,8,7.83,7.83,7.75,8,1700,"Non Organic"
"76","Guatemala",7.83,7.75,7.67,7.83,8.58,7.83,1770,"Organic"
"77","Costa Rica",7.92,8.08,7.92,8,8.08,8,1300,"Organic"
"78","Costa Rica",8,7.58,7.67,8.08,8.5,7.58,1300,"Organic"
"79","Kenya",7.83,8.08,8.08,7.92,7.75,7.75,1600,"Non Organic"
"80","Kenya",8,7.92,8.08,7.83,7.75,7.92,1200,"Non Organic"
"81","Ethiopia",7.83,7.83,8.08,7.75,7.83,7.92,1784.19637859779,"Non Organic"
"82","Ethiopia",7.92,7.83,8.33,7.75,7.75,7.75,1784.19637859779,"Non Organic"
"83","Guatemala",8,7.92,8,7.92,7.83,7.75,1784.19637859779,"Non Organic"
"84","Colombia",8.17,7.92,8,7.58,7.83,7.83,1550,"Organic"
"85","Colombia",7.58,8.08,7.83,8,7.92,7.92,1550,"Organic"
"86","Indonesia",7.75,7.83,8,8.08,7.83,7.67,1325,"Organic"
"87","Guatemala",8.25,8,7.92,7.75,7.67,7.67,1400,"Non Organic"
"88","Ethiopia",7.75,8,8,8,7.92,7.58,1784.19637859779,"Non Organic"
"89","Colombia",8.17,7.83,8.08,8,7.75,7.58,2560,"Organic"
"90","Ethiopia",8.42,8,8,7.92,7.92,7.42,1700,"Non Organic"
"91","USA",7.58,7.83,7.92,7.83,8.17,7.83,1784.19637859779,"Non Organic"
"92","Colombia",7.83,8,7.75,7.83,7.83,7.75,2136,"Non Organic"
"93","USA",8.08,8.17,8,8.08,8,7.92,1784.19637859779,"Non Organic"
"94","Ethiopia",7.67,8,8,7.92,7.83,7.83,1784.19637859779,"Non Organic"
"95","USA",7.5,7.92,7.83,7.92,7.75,8.25,1784.19637859779,"Non Organic"
"96","Uganda",8.17,7.92,7.75,7.67,7.75,7.75,1800,"Organic"
"97","Colombia",8,7.92,7.92,7.75,7.83,7.75,1784.19637859779,"Organic"
"98","Costa Rica",7.83,8,7.92,7.92,7.83,7.58,1900,"Organic"
"99","Mexico",7.83,8,7.75,7.67,7.83,7.83,1300,"Non Organic"
"100","Kenya",8.17,7.83,7.75,7.67,7.83,7.92,1,"Non Organic"
"101","Kenya",7.75,7.83,8.08,8,7.75,7.75,1580,"Non Organic"
"102","Brazil",8,8,7.83,7.67,7.67,7.83,1100,"Non Organic"
"103","Mexico",7.92,8.17,8.08,7.42,7.83,7.75,1400,"Non Organic"
"104","USA",7.75,7.92,7.75,8,8,7.75,1784.19637859779,"Non Organic"
"105","Guatemala",7.83,8.08,8,7.75,7.67,7.67,1325.88,"Non Organic"
"106","Colombia",7.92,7.92,7.83,7.92,7.83,7.67,1784.19637859779,"Non Organic"
"107","Colombia",7.92,7.83,7.83,7.75,8,7.75,1775,"Non Organic"
"108","Taiwan",7.67,7.83,7.58,8,7.92,8,800,"Organic"
"109","Tanzania, United Republic Of",8,7.83,7.92,7.75,7.75,7.83,1620,"Non Organic"
"110","Colombia",7.75,7.92,7.75,7.75,8,7.83,1775,"Organic"
"111","Mexico",7.75,8,7.83,7.5,7.92,7.75,1200,"Non Organic"
"112","Brazil",8,7.92,7.75,8,7.75,7.75,1200,"Non Organic"
"113","Brazil",8,8,8,7.5,7.75,7.75,1000,"Non Organic"
"114","Kenya",8,7.67,8.17,7.92,7.75,7.83,1784.19637859779,"Non Organic"
"115","Taiwan",7.92,7.58,7.83,7.83,7.83,7.83,350,"Organic"
"116","Uganda",7.75,7.92,7.67,8.25,7.75,7.67,1650,"Organic"
"117","USA",7.67,7.75,7.75,7.83,8,7.75,1784.19637859779,"Non Organic"
"118","Ethiopia",7.75,7.92,7.92,7.75,7.67,7.83,1750,"Non Organic"
"119","Ethiopia",7.42,7.92,8,7.83,7.83,7.92,1750,"Non Organic"
"120","Thailand",7.75,7.75,7.75,8,7.75,7.75,1784.19637859779,"Non Organic"
"121","Kenya",7.92,7.83,7.92,7.75,7.83,7.58,1800,"Non Organic"
"122","Honduras",7.83,7.75,7.67,7.67,7.67,8,1450,"Non Organic"
"123","El Salvador",7.75,8,8.33,7.67,7.92,8,1200,"Non Organic"
"124","Nicaragua",7.83,7.58,7.83,7.75,7.67,7.58,925,"Non Organic"
"125","El Salvador",7.83,7.83,8,7.83,7.67,7.5,1350,"Non Organic"
"126","Indonesia",7.92,7.83,7.75,7.75,7.75,7.75,1200,"Organic"
"127","Costa Rica",8.08,7.75,7.83,7.5,7.92,7.67,1150,"Non Organic"
"128","Guatemala",7.75,7.83,8,7.92,7.75,7.58,1600,"Organic"
"129","Costa Rica",8.17,8,7.17,7.83,7.75,7.83,1750,"Organic"
"130","Ethiopia",8.08,7.83,7.83,7.58,7.67,7.75,1900,"Non Organic"
"131","Costa Rica",7.67,7.58,7.75,7.67,8.58,7.75,1750,"Non Organic"
"132","Costa Rica",8,7.58,7.75,7.75,7.75,7.83,1200,"Non Organic"
"133","Costa Rica",8.08,7.83,7.83,7.92,8,7.75,1784.19637859779,"Organic"
"134","Taiwan",8,7.92,7.75,7.75,7.75,7.75,1000,"Non Organic"
"135","Colombia",7.75,7.83,7.83,7.75,7.83,7.75,1550,"Organic"
"136","Kenya",7.75,7.92,8,7.58,7.75,7.83,2000,"Non Organic"
"137","Guatemala",8,7.83,7.83,7.67,8,7.67,1310.64,"Non Organic"
"138","Guatemala",7.67,7.83,8,7.67,7.83,7.67,1524,"Organic"
"139","Mexico",7.83,7.58,7.92,7.92,7.83,7.67,1200,"Non Organic"
"140","Uganda",7.92,7.83,7.92,7.67,7.75,7.75,1775,"Organic"
"141","Peru",7.67,7.83,7.75,7.92,7.83,7.75,1784.19637859779,"Non Organic"
"142","Ethiopia",7.42,7.75,8,8,7.92,7.75,1750,"Non Organic"
"143","Kenya",7.92,7.75,7.75,7.58,7.92,7.83,1754,"Non Organic"
"144","Colombia",7.83,7.67,7.92,7.67,7.83,7.58,1500,"Organic"
"145","Colombia",7.92,7.83,8,7.83,7.67,7.58,1784.19637859779,"Organic"
"146","Kenya",7.83,7.83,7.75,7.58,7.83,7.83,1800,"Non Organic"
"147","Guatemala",7.75,7.83,7.92,7.75,7.83,7.67,1524,"Organic"
"148","Guatemala",8,7.92,7.58,7.58,7.67,7.67,1219.2,"Organic"
"149","Colombia",7.67,7.67,7.75,7.58,8.5,7.58,1550,"Non Organic"
"150","Colombia",7.75,7.75,7.75,7.58,8,7.83,1750,"Non Organic"
"151","Kenya",7.75,7.75,8.08,7.75,7.75,7.75,1784.19637859779,"Organic"
"152","Colombia",7.67,7.83,8,7.58,7.92,7.83,1750,"Organic"
"153","Costa Rica",7.75,7.83,8,7.83,7.67,7.75,1575,"Organic"
"154","Colombia",7.42,7.67,7.75,8.08,7.83,7.75,1800,"Organic"
"155","Brazil",8,8,7.75,7.58,7.75,7.75,1300,"Non Organic"
"156","Brazil",8.5,8,7.75,7.5,7.83,7.5,1100,"Non Organic"
"157","Costa Rica",7.92,7.67,7.75,7.67,7.58,7.92,1200,"Organic"
"158","Uganda",7.92,7.75,7.75,7.83,7.75,7.67,1750,"Organic"
"159","China",7.75,7.92,7.83,7.75,7.67,7.67,1680,"Non Organic"
"160","Costa Rica",7.92,7.83,7.83,7.58,7.58,7.83,1700,"Organic"
"161","Colombia",8.08,7.67,7.83,7.67,7.67,7.83,1800,"Organic"
"162","China",7.67,8,7.83,7.75,7.58,7.75,1100,"Non Organic"
"163","Guatemala",8.17,7.83,7.83,7.67,7.83,7.67,1310.64,"Non Organic"
"164","Kenya",7.92,7.83,8,7.67,7.75,7.67,2000,"Non Organic"
"165","Mexico",8,7.92,8.08,7.5,7.67,7.42,1350,"Non Organic"
"166","Mexico",7.92,7.83,7.75,7.75,7.83,7.75,1500,"Non Organic"
"167","Guatemala",7.67,8,8,7.5,7.83,7.67,1784.19637859779,"Organic"
"168","Brazil",7.81,7.81,7.75,7.38,8.25,7.88,1784.19637859779,"Non Organic"
"169","Brazil",8.17,7.67,7.75,7.67,7.75,7.75,1784.19637859779,"Non Organic"
"170","Costa Rica",7.58,7.83,8,7.67,7.58,7.83,1300,"Organic"
"171","Indonesia",7.67,7.67,7.58,7.83,7.83,7.83,1400,"Organic"
"172","Colombia",7.92,7.83,7.67,7.92,7.67,7.75,1784.19637859779,"Organic"
"173","Colombia",7.92,7.75,7.92,7.67,7.75,7.67,1775,"Organic"
"174","Taiwan",7.83,7.83,8,7.5,7.75,7.75,1200,"Organic"
"175","USA",7.92,7.92,7.83,7.5,7.92,7.5,1784.19637859779,"Non Organic"
"176","Mexico",7.75,7.92,7.67,7.83,7.67,7.75,900,"Non Organic"
"177","Ethiopia",7.5,7.75,7.92,7.92,7.75,7.83,1784.19637859779,"Non Organic"
"178","Kenya",7.33,7.58,7.75,7.75,7.92,7.83,1800,"Non Organic"
"179","Honduras",7.92,8,7.67,7.67,7.75,7.75,1500,"Non Organic"
"180","Colombia",7.58,7.75,7.83,7.67,8.5,7.5,1784.19637859779,"Organic"
"181","Honduras",7.58,7.92,7.75,7.92,7.75,7.58,1500,"Non Organic"
"182","Colombia",7.67,7.67,7.83,7.75,7.83,7.75,1784.19637859779,"Non Organic"
"183","Colombia",7.75,7.67,7.67,8.08,7.83,8,442,"Organic"
"184","Colombia",7.75,7.58,7.83,7.58,8.08,7.33,1800,"Organic"
"185","Mexico",8,7.75,7.83,7.5,7.67,7.75,1700,"Non Organic"
"186","Brazil",8.17,8,7.75,7.5,7.67,7.5,1275,"Non Organic"
"187","Brazil",8,8,7.5,7.67,7.75,7.5,1050,"Non Organic"
"188","Ethiopia",7.75,7.75,7.75,7.5,7.92,7.92,1493.52,"Organic"
"189","Guatemala",7.5,7.67,7.67,7.92,7.92,7.75,1386.84,"Organic"
"190","Taiwan",7.92,7.75,7.67,7.67,7.83,7.75,1000,"Organic"
"191","Thailand",7.83,7.75,7.42,7.83,7.67,7.75,1200,"Non Organic"
"192","Colombia",7.83,7.58,7.58,7.67,8,7.75,2560,"Organic"
"193","Guatemala",7.75,7.75,7.92,7.75,7.75,7.58,1500,"Organic"
"194","Guatemala",7.75,7.92,8.08,7.58,7.67,7.5,1099.4136,"Non Organic"
"195","China",7.83,7.83,7.75,7.75,7.75,7.58,1400,"Non Organic"
"196","Colombia",7.67,7.67,7.75,7.67,7.92,7.75,1775,"Organic"
"197","Colombia",7.83,7.67,7.58,7.92,7.75,7.75,1775,"Organic"
"198","Colombia",7.83,7.75,7.58,7.67,7.75,7.83,1800,"Organic"
"199","Colombia",7.42,7.67,7.75,7.92,7.83,7.83,442,"Organic"
"200","Tanzania, United Republic Of",7.83,7.67,7.83,7.67,7.67,7.75,1620,"Organic"
"201","Tanzania, United Republic Of",7.83,7.75,7.75,7.67,7.75,7.75,1600,"Non Organic"
"202","Guatemala",7.83,7.83,7.92,7.58,7.75,7.5,1219.2,"Non Organic"
"203","Colombia",7.58,7.5,7.83,7.92,7.83,7.75,1700,"Organic"
"204","USA",7.33,7.92,7.92,7.92,8.08,7.92,1784.19637859779,"Non Organic"
"205","Mexico",7.83,7.92,7.83,7.5,7.75,7.67,1450,"Non Organic"
"206","Mexico",7.83,7.83,7.67,7.83,7.58,7.75,1170,"Non Organic"
"207","Mexico",7.83,7.92,7.75,7.5,7.75,7.67,1400,"Non Organic"
"208","Uganda",8.17,7.75,7.67,7.83,7.58,7.58,1700,"Organic"
"209","Guatemala",7.75,7.83,7.83,7.67,7.75,7.58,1700,"Organic"
"210","Colombia",7.83,7.75,7.67,7.75,7.83,7.58,1784.19637859779,"Organic"
"211","Costa Rica",7.92,7.75,7.67,7.5,7.67,7.67,1700,"Organic"
"212","Guatemala",7.75,7.75,8,7.67,7.83,7.58,1116.7872,"Organic"
"213","Guatemala",7.75,7.92,7.92,7.67,7.67,7.58,1565,"Organic"
"214","Guatemala",7.58,7.83,7.83,7.83,7.67,7.58,3280,"Non Organic"
"215","Colombia",8,7.5,7.67,8,7.83,7.5,1775,"Non Organic"
"216","Nicaragua",7.67,7.83,7.5,7.67,7.83,7.83,1000,"Non Organic"
"217","Brazil",7.67,7.75,7.67,7.83,7.75,7.75,1150,"Non Organic"
"218","Costa Rica",7.67,7.75,7.75,7.5,8,7.67,1850,"Organic"
"219","Ethiopia",7.5,7.92,7.83,7.75,7.83,7.58,1606.5,"Non Organic"
"220","Tanzania, United Republic Of",7.92,7.75,7.75,7.75,7.58,7.75,1400,"Non Organic"
"221","Colombia",7.67,7.5,7.42,7.83,8.58,7.67,1530,"Non Organic"
"222","Guatemala",7.67,7.75,7.75,7.75,7.75,7.67,1784.19637859779,"Organic"
"223","Kenya",7.58,7.75,7.75,7.75,7.83,7.75,250.5,"Non Organic"
"224","Brazil",7.58,7.83,7.67,7.67,8,7.75,1038.5,"Non Organic"
"225","Guatemala",7.92,7.75,7.67,7.83,7.92,7.67,1310.64,"Organic"
"226","El Salvador",8.42,8.08,7.17,7.58,8.17,7.5,1500,"Non Organic"
"227","Colombia",7.75,7.75,7.75,7.83,7.75,7.75,1750,"Non Organic"
"228","Guatemala",7.83,7.5,8,7.83,7.83,7.5,1784.19637859779,"Non Organic"
"229","Uganda",7.83,7.75,7.83,7.83,7.75,7.5,1600,"Organic"
"230","Indonesia",7.81,7.88,7.75,7.63,7.75,7.56,1784.19637859779,"Organic"
"231","Colombia",7.83,7.5,7.5,7.83,8.5,7.42,442,"Non Organic"
"232","Taiwan",7.58,7.67,7.67,7.75,7.83,7.67,968,"Organic"
"233","Guatemala",8,7.75,7.58,7.92,7.67,7.5,1784.19637859779,"Organic"
"234","Colombia",7.92,7.75,7.75,7.67,7.67,7.67,1775,"Organic"
"235","Guatemala",7.58,7.75,8,7.75,7.67,7.67,1550,"Non Organic"
"236","USA",7.83,7.75,7.83,7.42,8.08,7.83,1784.19637859779,"Non Organic"
"237","Mexico",7.67,7.75,7.75,7.67,7.75,7.67,1480,"Non Organic"
"238","Ethiopia",7.92,7.92,8,7.92,7.92,7.83,1800,"Non Organic"
"239","Costa Rica",7.58,7.75,7.75,7.83,7.75,7.67,1784.19637859779,"Organic"
"240","Ethiopia",7.83,7.75,7.75,7.33,7.75,7.67,1800,"Non Organic"
"241","Honduras",7.42,7.83,7.92,7.75,7.58,7.75,1500,"Non Organic"
"242","Guatemala",7.67,7.83,7.92,7.75,7.67,7.58,1706.88,"Organic"
"243","Colombia",7.67,7.67,7.58,7.58,7.83,7.83,1600,"Organic"
"244","Guatemala",7.92,7.67,7.92,7.75,7.83,7.42,1219.2,"Organic"
"245","Guatemala",7.75,7.83,7.83,7.58,7.67,7.5,1219.2,"Organic"
"246","Colombia",7.67,7.75,7.67,7.67,7.75,7.67,1480,"Organic"
"247","Colombia",7.58,7.42,7.92,7.75,7.92,7.75,1450,"Non Organic"
"248","Colombia",7.67,7.67,7.5,7.67,7.67,7.5,1775,"Non Organic"
"249","Ethiopia",7.75,7.75,7.58,7.67,7.92,7.5,1550,"Non Organic"
"250","Brazil",7.58,7.83,7.25,8,7.75,7.67,1260,"Non Organic"
"251","Colombia",7.67,7.83,7.75,7.67,7.75,7.67,1700,"Organic"
"252","Kenya",7.67,7.83,7.75,7.92,7.67,7.5,1200,"Organic"
"253","Thailand",7.92,8.17,8.42,8.08,8.17,8.17,1784.19637859779,"Organic"
"254","Kenya",7.67,7.75,7.75,7.83,7.67,7.67,1650,"Non Organic"
"255","Uganda",7.92,7.75,7.67,7.67,7.83,7.58,1700,"Non Organic"
"256","Thailand",7.58,7.75,7.75,7.58,7.75,7.58,1784.19637859779,"Non Organic"
"257","Brazil",7.5,7.75,7.5,7.58,7.5,7.58,890,"Non Organic"
"258","Mexico",7.83,7.83,7.92,7.42,7.5,7.58,1300,"Non Organic"
"259","Thailand",7.67,7.75,7.67,7.67,7.83,7.5,1350,"Non Organic"
"260","Brazil",7.58,7.67,7.75,7.58,7.83,7.67,934,"Non Organic"
"261","Taiwan",7.83,7.75,7.75,7.83,7.75,7.83,1200,"Non Organic"
"262","Colombia",7.75,7.67,7.75,7.83,7.75,7.5,442,"Organic"
"263","Colombia",7.75,7.58,7.83,7.75,7.92,7.5,1784.19637859779,"Organic"
"264","Taiwan",7.75,7.75,7.75,7.75,7.67,7.58,1784.19637859779,"Organic"
"265","Colombia",7.92,7.67,7.83,7.58,7.67,7.5,1784.19637859779,"Organic"
"266","Colombia",7.83,7.75,7.58,7.75,7.75,7.58,1784.19637859779,"Organic"
"267","Colombia",7.75,7.58,7.83,7.83,7.67,7.67,1775,"Organic"
"268","Taiwan",8,7.92,7.92,7.67,7.33,7.92,950,"Non Organic"
"269","Colombia",7.67,7.83,7.75,7.67,7.83,7.67,1550,"Organic"
"270","Mexico",7.67,7.75,7.67,7.75,7.83,7.58,900,"Non Organic"
"271","Mexico",7.5,7.67,7.83,7.75,7.75,7.58,1500,"Non Organic"
"272","Mexico",7.75,7.92,7.92,7.75,7.67,7.83,1400,"Non Organic"
"273","Colombia",7.92,7.58,7.83,7.58,7.67,7.5,2527,"Organic"
"274","Colombia",7.83,7.67,7.75,7.75,7.75,7.5,1784.19637859779,"Organic"
"275","Costa Rica",7.67,7.67,7.67,7.5,7.75,7.75,1850,"Organic"
"276","Guatemala",7.75,7.75,7.75,7.83,7.58,7.5,1500,"Organic"
"277","Taiwan",7.75,7.67,7.75,7.75,7.67,7.5,1200,"Organic"
"278","Brazil",7.25,7.58,8,7.75,7.83,7.42,1,"Non Organic"
"279","Taiwan",7.67,7.75,7.75,7.42,7.75,7.67,525,"Organic"
"280","Ethiopia",7.75,7.75,7.67,7.58,7.67,7.67,1676.5,"Non Organic"
"281","Brazil",7.67,7.67,7.5,7.83,8.17,7.58,1200,"Non Organic"
"282","Costa Rica",7.83,7.42,7.83,7.75,7.83,7.5,1300,"Organic"
"283","Guatemala",7.58,7.83,8,7.58,7.75,7.33,1219.2,"Organic"
"284","Brazil",7.92,7.5,7.67,8.17,7.5,7.33,1260,"Non Organic"
"285","Colombia",7.67,7.58,7.83,7.58,7.67,7.58,1750,"Non Organic"
"286","Guatemala",7.5,7.83,7.83,7.83,7.67,7.5,1310.64,"Organic"
"287","Mexico",7.67,8,7.42,7.67,7.5,7.67,1218,"Non Organic"
"288","Mexico",7.67,7.58,7.75,7.75,7.75,7.5,1300,"Non Organic"
"289","Brazil",7.83,7.83,7.67,7.5,7.58,7.58,1250,"Non Organic"
"290","Thailand",7.75,7.75,8,7.67,7.58,7.58,1499.9208,"Non Organic"
"291","Thailand",7.5,7.83,7.58,7.75,7.83,7.58,1784.19637859779,"Non Organic"
"292","Ethiopia",7.58,7.83,8,7.83,7.5,7.58,1784.19637859779,"Non Organic"
"293","Kenya",7.75,7.58,7.58,7.75,7.75,7.5,1800,"Non Organic"
"294","Brazil",7.67,7.67,7.75,7.67,7.67,7.58,890,"Non Organic"
"295","Colombia",7.83,7.83,7.58,7.58,7.58,7.58,442,"Organic"
"296","Taiwan",7.67,7.67,7.58,7.67,7.83,7.58,750,"Organic"
"297","Colombia",7.92,7.75,7.67,7.75,7.5,7.5,1784.19637859779,"Organic"
"298","China",7.83,7.75,7.5,7.58,7.67,7.67,1650,"Non Organic"
"299","Colombia",7.75,7.67,7.67,7.58,7.83,7.5,442,"Organic"
"300","Uganda",8,7.92,7.75,7.33,7.5,7.58,1400,"Non Organic"
"301","USA",7.83,7.83,7.67,8,8.17,7.83,853.44,"Non Organic"
"302","Colombia",7.67,7.67,7.92,7.5,7.67,7.67,1775,"Organic"
"303","Colombia",7.67,7.42,7.42,8,8.33,7.42,1550,"Organic"
"304","Colombia",7.58,7.67,7.67,7.67,7.67,7.75,1750,"Organic"
"305","Colombia",7.75,7.67,7.58,7.42,8,7.75,1750,"Non Organic"
"306","USA",7.25,7.42,7.58,7.83,8.25,7.67,1784.19637859779,"Organic"
"307","Mexico",7.83,7.58,7.5,7.75,7.67,7.58,700,"Non Organic"
"308","Guatemala",7.67,7.58,7.67,7.75,7.75,7.58,1300,"Organic"
"309","Colombia",7.83,7.83,7.33,7.42,7.67,7.58,1600,"Organic"
"310","Colombia",7.75,7.67,7.25,7.58,8.5,7.25,1600,"Non Organic"
"311","USA",7.83,7.67,7.67,7.58,7.5,7.75,1784.19637859779,"Non Organic"
"312","Brazil",7.67,7.83,7.67,7.67,7.5,7.5,890,"Non Organic"
"313","Kenya",8.08,7.67,7.58,7.25,7.67,7.67,1700,"Non Organic"
"314","Honduras",7.5,7.5,7.67,8,8,7.67,1400,"Non Organic"
"315","Nicaragua",7.67,7.75,7.67,7.83,7.58,7.67,1250,"Non Organic"
"316","Brazil",7.58,7.75,7.75,7.58,7.58,7.58,934,"Non Organic"
"317","Taiwan",7.5,7.67,7.92,7.83,7.67,7.33,1200,"Organic"
"318","Costa Rica",7.33,7.67,7.5,7.67,7.5,7.67,1350,"Organic"
"319","Thailand",7.5,7.75,7.83,7.67,7.58,7.58,800,"Non Organic"
"320","Colombia",7.5,7.75,7.75,7.67,7.67,7.5,1625,"Non Organic"
"321","Guatemala",8,7.5,8,8,8,7.33,1356.6648,"Organic"
"322","Colombia",7.83,7.75,7.58,7.58,7.67,7.67,1750,"Organic"
"323","Colombia",7.67,7.67,7.67,7.33,7.75,7.67,1900,"Non Organic"
"324","Guatemala",7.67,7.67,7.67,8,7.75,7.42,1310.64,"Non Organic"
"325","Guatemala",7.83,7.67,7.67,7.67,7.83,7.33,1310.64,"Organic"
"326","Colombia",7.75,7.75,7.83,7.17,7.75,7.58,1750,"Organic"
"327","Guatemala",8.17,8.17,7.67,8.08,7.75,7.83,1450,"Organic"
"328","Guatemala",7.67,8.17,7.42,7.58,7.83,7.5,1310.64,"Organic"
"329","Mexico",7.67,7.5,7.33,7.83,8.25,7.5,1100,"Non Organic"
"330","Indonesia",8.17,7.67,7.58,7.42,7.67,7.58,1400,"Organic"
"331","Guatemala",7.67,7.5,8,7.67,7.67,7.33,1524,"Organic"
"332","USA",7.75,8,8.08,7.75,8,7.92,1784.19637859779,"Non Organic"
"333","Brazil",7.58,7.67,7.58,7.67,7.58,7.58,890,"Non Organic"
"334","Guatemala",7.75,7.75,7.83,7.58,7.58,7.5,1128.3696,"Organic"
"335","Colombia",7.75,7.75,7.58,7.67,7.58,7.58,1784.19637859779,"Non Organic"
"336","China",7.67,7.58,7.58,7.67,7.75,7.58,1100,"Non Organic"
"337","Colombia",7.67,7.75,7.67,7.75,7.58,7.58,1775,"Organic"
"338","Mexico",7.75,7.75,7.58,7.5,7.67,7.58,1200,"Non Organic"
"339","Ethiopia",7.75,7.67,7.67,7.5,7.67,7.58,1850,"Non Organic"
"340","Uganda",7.67,7.67,7.75,7.75,7.67,7.42,1800,"Organic"
"341","Colombia",7.67,7.58,7.67,7.67,7.67,7.67,1600,"Organic"
"342","Colombia",7.67,7.58,7.58,7.67,7.75,7.67,1550,"Non Organic"
"343","Colombia",7.75,7.58,7.58,7.75,7.83,7.5,1550,"Organic"
"344","Taiwan",7.75,7.75,7.75,7.5,7.58,7.75,1000,"Organic"
"345","Colombia",7.67,7.67,7.67,7.75,7.58,7.58,1775,"Organic"
"346","Mexico",7.83,7.67,7.58,7.67,7.58,7.58,1000,"Non Organic"
"347","Colombia",7.67,7.58,7.58,7.67,7.75,7.58,2136,"Organic"
"348","Brazil",7.83,7.75,7.75,7.5,7.58,7.5,1100,"Non Organic"
"349","Colombia",7.75,7.58,7.75,7.75,7.5,7.58,1799,"Organic"
"350","Taiwan",7.58,7.58,7.17,7,7,7.17,1784.19637859779,"Organic"
"351","Costa Rica",7.92,7.42,7.67,7.5,7.67,7.5,1850,"Organic"
"352","Colombia",7.75,7.58,7.5,7.75,7.75,7.58,1000,"Organic"
"353","Guatemala",7.67,7.75,7.83,7.58,7.58,7.5,1219.2,"Organic"
"354","Colombia",7.58,7.58,7.58,7.75,7.67,7.58,1775,"Organic"
"355","Tanzania, United Republic Of",7.75,7.67,7.67,7.67,7.58,7.58,1400,"Non Organic"
"356","Indonesia",7.25,7.67,7.92,7.83,7.58,7.58,1500,"Organic"
"357","Ethiopia",7.67,7.75,7.58,7.75,7.67,7.5,1600,"Non Organic"
"358","Colombia",7.67,7.42,7.83,7.58,7.67,7.67,1784.19637859779,"Organic"
"359","Colombia",8,7.58,7.58,7.92,7.58,7.25,1850,"Non Organic"
"360","Guatemala",7.58,7.75,7.83,7.42,7.67,7.5,1400,"Organic"
"361","Colombia",7.75,7.58,7.5,7.83,7.83,7.33,1650,"Organic"
"362","Honduras",7.67,7.5,7.5,7.67,7.67,7.67,1350,"Non Organic"
"363","Colombia",7.58,7.75,7.67,7.75,7.67,7.42,1750,"Non Organic"
"364","Colombia",7.58,7.67,7.75,7.58,7.75,7.58,1750,"Non Organic"
"365","Mexico",7.83,7.58,7.5,7.5,7.42,7.25,1170,"Non Organic"
"366","Mexico",7.67,7.75,7.75,7.58,7.5,7.67,940,"Non Organic"
"367","Mexico",7.75,7.67,7.75,7.33,7.5,7.67,1400,"Non Organic"
"368","Guatemala",7.83,7.5,8,7.67,7.5,7.5,1524,"Organic"
"369","Colombia",7.67,7.58,7.67,7.67,7.67,7.58,1775,"Organic"
"370","Guatemala",7.5,7.5,7.5,8,7.67,7.75,1402.08,"Organic"
"371","USA",7.5,7.67,7.92,7.58,7.67,7.58,1784.19637859779,"Non Organic"
"372","Indonesia",7.83,7.58,7.58,7.75,7.58,7.58,1600,"Organic"
"373","Colombia",7.5,7.58,7.5,7.75,7.83,7.58,439,"Organic"
"374","Guatemala",7.67,7.75,7.58,7.58,7.67,7.5,1700,"Organic"
"375","Colombia",7.67,7.67,7.67,7.67,7.58,7.5,442,"Non Organic"
"376","Costa Rica",7.58,7.5,7.92,7.5,7.67,7.42,1850,"Organic"
"377","Taiwan",7.67,7.67,7.08,7,7,7,1784.19637859779,"Organic"
"378","Uganda",7.58,7.75,7.75,7.67,7.58,7.33,1800,"Organic"
"379","Thailand",7.5,7.58,7.5,7.75,7.67,7.75,1200,"Non Organic"
"380","El Salvador",7.58,7.5,7.58,7.75,7.67,7.75,1330,"Non Organic"
"381","Colombia",7.58,7.67,7.67,7.58,7.67,7.58,442,"Non Organic"
"382","Brazil",7.33,7.83,7.5,7.42,7.83,7.75,1784.19637859779,"Non Organic"
"383","Tanzania, United Republic Of",7.75,7.67,7.67,7.58,7.58,7.58,1600,"Organic"
"384","Colombia",7.58,7.58,7.75,7.75,8.58,7.25,1813,"Non Organic"
"385","Guatemala",7.75,7.83,7.83,7.5,7.67,7.33,1219.2,"Organic"
"386","Guatemala",7.67,7.75,7.83,7.58,7.5,7.5,1500,"Non Organic"
"387","Guatemala",7.67,7.5,7.42,7.75,7.75,7.75,1310.64,"Organic"
"388","USA",7.42,7.75,7.58,7.67,7.67,7.67,1784.19637859779,"Non Organic"
"389","Colombia",7.5,7.75,7.5,7.67,7.75,7.58,1450,"Non Organic"
"390","Colombia",7.58,7.58,7.67,7.75,7.67,7.58,1784.19637859779,"Non Organic"
"391","USA",7.5,7.92,7.67,7.83,7.58,7.42,1784.19637859779,"Non Organic"
"392","Thailand",7.58,7.25,7.92,7.92,7.42,7.5,1784.19637859779,"Non Organic"
"393","Mexico",7.25,7.88,7.63,7.5,8.75,7.38,1050,"Non Organic"
"394","Colombia",7.75,7.5,7.58,7.58,7.58,7.75,1650,"Organic"
"395","Colombia",7.67,7.58,7.42,7.67,7.75,7.58,1784.19637859779,"Organic"
"396","Colombia",7.83,7.58,7.58,7.5,7.58,7.58,1784.19637859779,"Non Organic"
"397","Brazil",7.5,7.83,7.58,7.58,7.92,7.33,1227,"Non Organic"
"398","Mexico",7.75,7.75,7.67,7.5,7.58,7.5,1200,"Non Organic"
"399","Colombia",7.67,7.75,7.83,7.83,7.42,7.42,1650,"Organic"
"400","Tanzania, United Republic Of",7.75,7.58,7.58,7.58,7.58,7.67,1700,"Non Organic"
"401","Mexico",7.67,7.67,7.67,7.5,7.58,7.58,1100,"Non Organic"
"402","Costa Rica",7.67,7.67,7.67,7.67,7.67,7.42,1300,"Organic"
"403","USA",7.83,7.58,7.67,7.92,8,7.83,1784.19637859779,"Non Organic"
"404","Costa Rica",7.5,7.67,7.5,7.83,7.17,7.67,1200,"Organic"
"405","Peru",7.83,7.75,7.83,7.92,7.58,7.58,1784.19637859779,"Non Organic"
"406","Haiti",7.58,7.5,7.5,7.83,7.42,7.67,1280.16,"Non Organic"
"407","Colombia",7.67,7.67,7.67,7.92,7.42,7.5,1000,"Non Organic"
"408","Guatemala",7.83,7.67,7.67,7.67,7.67,7.17,1310.64,"Organic"
"409","USA",7.92,7.5,7.83,7.67,7.67,7.58,1784.19637859779,"Non Organic"
"410","Burundi",7.75,7.67,7.5,7.5,7.75,7.33,1880,"Organic"
"411","Colombia",7.5,7.67,7.58,7.67,7.58,7.67,1750,"Organic"
"412","USA",8.08,7.83,7.75,7.67,7.58,7.83,1784.19637859779,"Non Organic"
"413","USA",7.58,7.67,7.5,7.83,7.67,7.58,1784.19637859779,"Non Organic"
"414","Mexico",7.67,7.83,7.83,7.33,7.5,7.42,1600,"Non Organic"
"415","Costa Rica",7.5,7.5,7.5,7.67,7.67,7.83,1900,"Organic"
"416","Costa Rica",7.83,7.5,7.67,7.5,7.67,7.42,1784.19637859779,"Organic"
"417","Guatemala",7.5,7.58,7.83,7.67,7.58,7.42,2100,"Non Organic"
"418","Uganda",7.5,7.67,7.42,7.67,7.67,7.67,1784.19637859779,"Organic"
"419","Brazil",7.58,7.67,7.5,7.67,7.42,7.42,1784.19637859779,"Non Organic"
"420","Colombia",7.58,7.67,7.17,7.75,7.83,7.67,442,"Organic"
"421","Mexico",7.83,7.75,7.58,7.58,7.58,7.5,1261,"Non Organic"
"422","Taiwan",7.67,7.5,7.5,7.67,7.83,7.5,1000,"Organic"
"423","Taiwan",7.92,7.83,7.58,7.5,7.33,7.75,800,"Non Organic"
"424","Colombia",7.58,7.58,7.58,7.58,7.75,7.5,1483,"Organic"
"425","Guatemala",7.5,7.67,7.67,7.67,7.5,7.58,1500,"Organic"
"426","Colombia",7.83,7.5,7.33,7.67,7.67,7.67,1750,"Non Organic"
"427","Mexico",7.58,7.75,7.5,7.58,7.58,7.5,1300,"Non Organic"
"428","USA",7.58,7.75,8,8.08,7.67,7.83,1784.19637859779,"Non Organic"
"429","Mexico",7.75,7.58,7.58,7.5,7.58,7.58,1784.19637859779,"Non Organic"
"430","Mexico",7.75,7.75,7.92,7.33,7.5,7.42,1000,"Non Organic"
"431","Guatemala",7.83,7.58,7.83,7.42,8.08,7.08,1310.64,"Organic"
"432","Brazil",7.75,7.67,7.58,7.58,7.58,7.5,1200,"Non Organic"
"433","Colombia",7.67,7.58,7.42,7.83,7.58,7.58,175,"Organic"
"434","Colombia",7.67,7.67,7.5,7.58,7.67,7.5,1775,"Organic"
"435","Colombia",7.92,7.75,7.42,7.83,7.58,7.25,1700,"Organic"
"436","Colombia",8,7.67,7.25,7.67,7.5,7.67,1880,"Non Organic"
"437","Colombia",7.92,7.75,7.42,7.42,7.67,7.5,1800,"Non Organic"
"438","Brazil",7.67,7.42,7.58,7.67,7.58,7.5,890,"Non Organic"
"439","Guatemala",7.58,7.58,7.67,7.75,7.58,7.33,1901,"Organic"
"440","Tanzania, United Republic Of",7.67,7.58,7.67,7.67,7.58,7.42,168,"Non Organic"
"441","Peru",7.92,7.5,7.58,7.67,7.5,7.5,1784.19637859779,"Non Organic"
"442","Vietnam",7.58,7.42,7.33,7.58,8.58,7.08,1550,"Organic"
"443","Guatemala",7.67,7.75,7.75,7.58,7.5,7.42,1500,"Non Organic"
"444","Honduras",7.67,7.67,7.67,7.5,7.67,7.5,1450,"Non Organic"
"445","China",7.5,7.67,7.67,7.67,7.67,7.33,1200,"Non Organic"
"446","China",7.67,7.67,7.67,7.42,7.58,7.5,1600,"Non Organic"
"447","El Salvador",7.5,7.5,7.67,8,7.67,7.33,1350,"Non Organic"
"448","Guatemala",7.5,7.75,7.83,7.58,7.5,7.5,1500,"Organic"
"449","Guatemala",7.92,7.67,7.75,7.5,7.5,7.42,1650,"Organic"
"450","Kenya",7.83,7.75,7.75,7.83,8.5,7.67,250.5,"Non Organic"
"451","Thailand",7.67,7.58,7.75,7.42,7.67,7.58,800,"Non Organic"
"452","Tanzania, United Republic Of",7.58,7.67,7.58,7.42,7.58,7.67,1653,"Non Organic"
"453","Colombia",7.58,7.5,7.67,7.5,7.67,7.5,1775,"Organic"
"454","Uganda",8,7.67,7.42,7.33,7.58,7.5,1800,"Organic"
"455","Colombia",7.58,7.75,7.58,7.58,7.58,7.5,1784.19637859779,"Organic"
"456","Honduras",7.5,7.5,7.67,7.67,7.67,7.5,1450,"Non Organic"
"457","Honduras",7.67,7.67,7.67,7.5,7.67,7.5,1350,"Non Organic"
"458","Guatemala",7.33,7.83,8.17,7.33,7.67,7.17,1524,"Organic"
"459","USA",7.5,7.5,7.42,7.92,7.67,7.58,1784.19637859779,"Non Organic"
"460","Tanzania, United Republic Of",7.58,7.5,7.75,7.58,7.58,7.58,1800,"Non Organic"
"461","Guatemala",7.67,7.83,7.67,7.5,7.67,7.33,1310.64,"Organic"
"462","Mexico",7.75,7.58,7.58,7.5,7.42,7.58,1500,"Non Organic"
"463","Mexico",7.75,7.67,7.5,7.42,7.58,7.58,532,"Non Organic"
"464","Mexico",7.58,7.75,7.67,7.5,7.58,7.42,1089,"Non Organic"
"465","Colombia",7.67,7.5,7.5,7.58,8.17,7.5,1775,"Organic"
"466","Mexico",7.75,7.5,7.75,7.58,7.58,7.42,700,"Non Organic"
"467","Colombia",7.58,7.67,7.58,7.67,7.67,7.5,1750,"Organic"
"468","Mexico",7.5,7.75,7.58,7.67,7.5,7.58,1380,"Non Organic"
"469","Brazil",7.75,7.67,7.5,7.58,7.58,7.58,1000,"Non Organic"
"470","Brazil",7.92,7.58,7.58,7.42,7.5,7.5,950,"Non Organic"
"471","Guatemala",7.75,7.5,7.5,7.92,8,7.67,1402.08,"Organic"
"472","Brazil",7.75,7.5,7.5,7.75,7.5,7.58,1000,"Non Organic"
"473","Brazil",7.58,7.75,7.5,7.67,7.58,7.67,900,"Non Organic"
"474","El Salvador",7.42,7.83,8.08,7.17,7.58,8.17,1200,"Non Organic"
"475","Ethiopia",7.75,8,8.08,7.83,7.92,7.67,1850,"Non Organic"
"476","Colombia",7.58,7.67,7.67,7.75,7.58,7.33,1799,"Organic"
"477","Colombia",7.75,7.5,7.42,8,7.75,7.5,1784.19637859779,"Organic"
"478","Brazil",7.58,7.58,7.5,7.67,7.58,7.58,905,"Non Organic"
"479","Brazil",7.33,7.67,7.33,7.75,7.42,7.67,1,"Non Organic"
"480","Taiwan",7.83,7.92,7.83,7.67,7.25,7.5,750,"Organic"
"481","Brazil",7.42,7.67,7.5,7.75,7.67,7.58,1784.19637859779,"Non Organic"
"482","Brazil",7.58,7.83,7.42,7.42,7.5,7.67,1200,"Non Organic"
"483","Costa Rica",7.83,7.33,7.67,7.58,7.67,7.5,1300,"Non Organic"
"484","USA",7.33,7.75,7.33,7.83,7.67,7.58,1784.19637859779,"Non Organic"
"485","Taiwan",7.75,7.75,7.5,7.5,7.5,7.5,1300,"Organic"
"486","USA",7.83,7.83,7.17,7.75,7.67,7.33,1784.19637859779,"Non Organic"
"487","Mexico",7.75,7.67,7.75,7.5,7.5,7.42,1400,"Non Organic"
"488","USA",7.67,7.58,7.67,7.92,8,7.5,1784.19637859779,"Non Organic"
"489","USA",7.33,7.58,7.92,7.67,7.58,7.58,1784.19637859779,"Non Organic"
"490","Colombia",7.33,7.33,7.58,7.25,8.08,7.33,1775,"Organic"
"491","Colombia",7.83,7.75,7.25,7.42,7.92,7.33,1880,"Organic"
"492","Indonesia",7.67,7.58,7.58,7.67,7.58,7.5,1350,"Non Organic"
"493","Guatemala",7.92,7.67,7.25,7.83,7.67,7.67,1784.19637859779,"Organic"
"494","Brazil",7.58,7.5,7.75,7.67,7.5,7.5,890,"Non Organic"
"495","Brazil",7.5,7.58,7.67,7.58,7.5,7.58,894,"Non Organic"
"496","Brazil",7.5,7.67,7.67,7.58,7.42,7.58,872,"Non Organic"
"497","Uganda",7.67,7.58,7.42,7.83,7.5,7.42,1473,"Organic"
"498","Uganda",7.67,7.67,7.58,7.42,7.5,7.5,1645,"Organic"
"499","Colombia",7.67,7.67,7.67,7.5,7.58,7.33,442,"Organic"
"500","Vietnam",7.75,7.67,7.58,7.42,7.67,7.58,1550,"Organic"
"501","Guatemala",7.67,7.75,7.92,7.42,7.5,7.33,1550,"Organic"
"502","Guatemala",7.75,7.67,7.75,7.5,7.42,7.33,1371.6,"Non Organic"
"503","Guatemala",7.83,7.67,7.67,7.75,7.5,7.25,1500,"Non Organic"
"504","Brazil",7.67,7.67,7.5,7.42,7.5,7.67,1000,"Non Organic"
"505","Taiwan",7.92,7.92,7.58,7.33,7.25,7.83,1200,"Organic"
"506","Uganda",7.83,7.58,7.5,7.58,7.5,7.5,1800,"Organic"
"507","USA",7.67,7.5,7.83,7.75,7.83,7.67,853.44,"Non Organic"
"508","Guatemala",7.67,7.67,7.83,7.5,7.5,7.42,1500,"Organic"
"509","Costa Rica",7.67,7.58,7.58,7.5,7.5,7.5,1200,"Organic"
"510","Brazil",7.75,7.58,7.67,7.42,7.67,7.42,1250,"Non Organic"
"511","Colombia",7.75,7.42,7.5,7.58,7.17,7.33,1775,"Organic"
"512","Colombia",7.83,7.5,7.33,7.5,7.67,7.58,1750,"Organic"
"513","Colombia",7.33,7.67,7.42,7.75,7.58,7.75,1000,"Organic"
"514","Colombia",7.58,7.75,7.67,7.58,7.42,7.42,1000,"Organic"
"515","Colombia",7.5,7.5,7.58,7.75,7.58,7.42,1775,"Organic"
"516","Mexico",7.67,7.58,7.5,7.67,7.58,7.42,750,"Non Organic"
"517","Mexico",7.67,7.83,7.58,7.58,7.67,7.5,1200,"Non Organic"
"518","Mexico",7.5,7.67,7.5,7.58,7.58,7.5,1200,"Non Organic"
"519","Colombia",7.67,7.58,7.5,7.75,7.5,7.5,1784.19637859779,"Organic"
"520","Colombia",7.75,7.58,7.67,7.83,7.75,7.5,1625,"Non Organic"
"521","Colombia",7.67,7.58,7.58,7.67,7.42,7.58,1750,"Organic"
"522","Guatemala",7.5,7.67,7.67,7.5,7.83,7.5,1371.6,"Organic"
"523","Colombia",7.67,7.67,7.5,7.67,7.42,7.58,1775,"Organic"
"524","Thailand",7.33,7.67,7.5,7.75,7.67,7.58,1784.19637859779,"Organic"
"525","Colombia",7.33,7.67,7.33,7.58,7.92,7.58,1450,"Organic"
"526","USA",7.83,7.83,7.83,7.92,7.83,7.67,1784.19637859779,"Non Organic"
"527","USA",7.5,7.58,7.58,7.58,7.67,7.42,1784.19637859779,"Non Organic"
"528","Colombia",7.5,7.58,7.67,7.58,7.58,7.67,1800,"Organic"
"529","Nicaragua",7.58,7.83,7.92,7.92,8.08,7.75,1784.19637859779,"Non Organic"
"530","Thailand",7.5,7.25,7.75,8.17,7.5,7.42,1784.19637859779,"Non Organic"
"531","Brazil",7.67,7.58,7.58,7.58,7.5,7.5,890,"Non Organic"
"532","El Salvador",7.5,7.5,7.58,7.92,7.83,7.75,1350,"Non Organic"
"533","Colombia",7.58,7.67,7.33,7.67,7.58,7.5,1500,"Organic"
"534","Taiwan",7.17,7.83,7.67,7.67,7.58,7.25,350,"Non Organic"
"535","Ethiopia",7.58,7.58,7.5,7.58,7.58,7.5,2000,"Non Organic"
"536","Taiwan",7.5,7.58,7.33,7.5,7.75,7.67,775,"Organic"
"537","Philippines",7.58,7.58,7.58,7.5,7.5,7.67,1200,"Organic"
"538","Philippines",8.08,7.5,7.42,7.33,7.5,7.67,1600,"Organic"
"539","Mexico",7.83,7.67,7.58,7.5,7.5,7.25,1059,"Non Organic"
"540","Mexico",7.75,7.67,7.42,7.75,7.5,7.42,1300,"Non Organic"
"541","Brazil",7.08,7.5,7.83,7.75,7.67,7.5,11000,"Non Organic"
"542","Uganda",8,7.5,7.58,7.33,7.42,7.5,1650,"Organic"
"543","Uganda",7.75,7.58,7.5,7.5,7.5,7.58,1400,"Non Organic"
"544","Guatemala",7.75,7.5,7.58,7.67,7.5,7.42,1500,"Organic"
"545","Guatemala",7.67,7.83,7.5,7.33,7.5,7.42,1500,"Organic"
"546","Guatemala",7.58,7.58,7.58,7.58,7.58,7.25,1784.19637859779,"Organic"
"547","Colombia",7.58,7.5,7.33,7.58,7.58,7.75,1900,"Non Organic"
"548","Colombia",7.75,7.5,7.5,7.75,7.5,7.25,1750,"Non Organic"
"549","Guatemala",7.83,7.75,7.92,7.5,7.17,7.25,1706.88,"Organic"
"550","Colombia",7.83,7.67,7.42,7.5,7.58,7.42,1450,"Non Organic"
"551","Mexico",7.58,7.58,7.25,7.58,7.75,7.33,1248,"Non Organic"
"552","Vietnam",7.67,7.33,7.58,8.08,7.42,7.17,1040,"Non Organic"
"553","Mexico",8,7.92,7.17,7.67,7.42,7.67,1400,"Non Organic"
"554","USA",7.5,7.5,7.42,7.67,7.83,7.5,1784.19637859779,"Non Organic"
"555","Colombia",7.5,7.75,7.75,7.08,7.83,7.33,1450,"Organic"
"556","Thailand",7.42,7.58,7.17,7.5,8,7.5,1784.19637859779,"Non Organic"
"557","Kenya",7.75,7.58,7.58,7.5,7.5,7.42,1754,"Non Organic"
"558","Guatemala",7.5,7.58,7.67,7.58,7.58,7.33,1700,"Organic"
"559","Brazil",7.67,7.58,7.5,7.5,7.42,7.58,905,"Non Organic"
"560","El Salvador",7.33,7.67,7.83,7.33,7.67,7.67,1250,"Non Organic"
"561","Vietnam",7.25,7.58,7.42,7.75,7.42,7.5,1040,"Non Organic"
"562","Guatemala",7.58,7.58,7.67,7.67,7.5,7.33,1219.2,"Organic"
"563","Brazil",7.58,7.83,7.67,7.42,7.33,7.33,900,"Non Organic"
"564","Colombia",7.83,7.67,7.58,7.5,7.67,7.5,1600,"Organic"
"565","USA",7.42,7.58,7.5,7.75,7.75,7.25,1200,"Non Organic"
"566","Guatemala",7.67,7.67,7.67,7.42,7.17,7.75,1500,"Non Organic"
"567","Colombia",7.5,7.42,7.5,7.58,7.58,7.58,1800,"Organic"
"568","Colombia",7.83,7.5,7.42,7.5,7.5,7.5,1775,"Organic"
"569","Tanzania, United Republic Of",7.67,7.5,7.25,7.58,7.75,7.33,1400,"Non Organic"
"570","Mexico",7.58,7.67,7.58,7.5,7.5,7.5,1550,"Non Organic"
"571","Mexico",7.67,7.58,7.75,7.42,7.42,7.42,1250,"Non Organic"
"572","Guatemala",7.67,7.67,7.5,7.33,7.92,7.33,1310.64,"Non Organic"
"573","Mexico",7.58,7.58,7.42,7.67,7.58,7.5,1380,"Non Organic"
"574","El Salvador",7.75,7.58,7.75,7.25,7.5,7.75,1200,"Non Organic"
"575","Guatemala",7.5,7.58,7.67,7.58,7.5,7.42,1100,"Non Organic"
"576","Guatemala",7.58,7.67,7.58,7.5,7.42,7.5,1800,"Organic"
"577","Guatemala",7.5,7.67,7.67,7.67,7.58,7.17,1700,"Non Organic"
"578","Guatemala",7.5,7.5,7.58,7.67,7.5,7.42,1219.2,"Non Organic"
"579","Guatemala",7.42,7.58,7.67,7.5,7.5,7.42,1219.2,"Organic"
"580","Indonesia",7.5,7.58,7.58,7.58,7.5,7.42,1500,"Organic"
"581","Guatemala",7.58,7.58,7.58,7.33,7.67,7.33,157.8864,"Organic"
"582","Taiwan",7.83,7.67,7.67,7.58,7.67,7.33,650,"Organic"
"583","El Salvador",7.67,7.67,7.33,7.58,7.67,7.17,1250,"Non Organic"
"584","Costa Rica",7.58,7.5,7.67,7.42,7.5,7.42,1850,"Organic"
"585","Honduras",7.58,7.5,7.58,7.5,7.5,7.42,1400,"Non Organic"
"586","Brazil",7.5,7.5,7.5,7.58,7.58,7.58,905,"Non Organic"
"587","China",7.67,7.5,7.33,7.67,7.67,7.33,1100,"Non Organic"
"588","China",7.5,7.67,7.67,7.5,7.5,7.42,1500,"Non Organic"
"589","Colombia",7.5,7.58,7.75,7.33,7.5,7.58,1775,"Organic"
"590","Malawi",7.75,7.58,7.5,7.33,7.5,7.42,1442,"Non Organic"
"591","Guatemala",7.75,7.42,7.75,7.5,7.67,7.25,1524,"Non Organic"
"592","Colombia",7.67,7.42,7.58,7.33,7.67,7.42,165,"Organic"
"593","USA",7.67,7.58,7.83,7.33,7.5,7.42,1784.19637859779,"Non Organic"
"594","USA",7.58,7.83,7.75,7.42,8,7.75,1784.19637859779,"Non Organic"
"595","Colombia",7.58,7.33,7.33,7.25,8.58,7.17,1300,"Non Organic"
"596","Mexico",7.58,7.58,7.5,7.5,7.5,7.5,1550,"Non Organic"
"597","Mexico",7.58,7.58,7.75,7.25,7.58,7.33,1200,"Non Organic"
"598","Mexico",8.08,8.17,8,7.83,7.92,8,1200,"Non Organic"
"599","Colombia",7.5,7.58,7.67,7.5,7.58,7.42,1625,"Non Organic"
"600","Colombia",7.67,7.58,7.58,7.5,7.42,7.58,1775,"Organic"
"601","USA",7.25,7.75,7.83,7.67,7.67,7.5,1784.19637859779,"Non Organic"
"602","Panama",7.42,7.42,7.58,7.5,7.75,7.5,1100,"Non Organic"
"603","USA",7.75,7.67,7.83,7.17,7.42,7.5,1784.19637859779,"Non Organic"
"604","Brazil",7.5,7.58,7.75,7.58,7.5,7.25,890,"Non Organic"
"605","Brazil",7.5,7.58,7.67,7.5,7.42,7.5,934,"Non Organic"
"606","Laos",7.67,7.67,7.42,7.42,7.5,7.42,1300,"Non Organic"
"607","El Salvador",7.67,7.67,7.67,7.5,7.67,7.67,1200,"Non Organic"
"608","Mexico",7.5,7.67,7.75,7.42,7.17,7.42,1300,"Non Organic"
"609","Colombia",7.75,7.5,7.58,7.33,7.75,7.33,1784.19637859779,"Organic"
"610","Brazil",7.58,7.5,7.67,7.5,7.5,7.42,1,"Non Organic"
"611","Brazil",7.33,7.5,7.58,7.67,7.5,7.58,1784.19637859779,"Non Organic"
"612","Tanzania, United Republic Of",7.5,7.5,7.5,7.5,7.58,7.5,1700,"Non Organic"
"613","Tanzania, United Republic Of",7.58,7.5,7.58,7.33,7.58,7.5,1550,"Organic"
"614","Taiwan",8,7.83,7.42,7.25,7.25,7.83,1200,"Organic"
"615","Mexico",7.67,7.58,7.5,7.42,7.5,7.42,1296,"Non Organic"
"616","Uganda",7.67,7.5,7.67,7.5,7.5,7.33,1650,"Non Organic"
"617","Taiwan",7.67,7.5,7.5,7.5,7.5,7.5,1240,"Organic"
"618","Thailand",7.42,7.5,7.67,7.58,7.5,7.5,1500,"Non Organic"
"619","Colombia",7.75,7.58,7.25,7.58,7.42,7.67,1800,"Non Organic"
"620","El Salvador",7.92,8,6.75,7.92,7.58,7.5,1784.19637859779,"Non Organic"
"621","Guatemala",7.67,7.67,7.67,7.5,7.5,7.17,1500,"Organic"
"622","Thailand",7.83,7.33,7.33,7.58,7.83,7.83,1784.19637859779,"Non Organic"
"623","Mexico",7.58,7.58,7.58,7.42,7.5,7.42,1100,"Non Organic"
"624","Mexico",7.5,7.58,7.58,7.42,7.42,7.58,950,"Non Organic"
"625","Colombia",7.33,7.58,7.42,7.67,7.67,7.42,3850,"Organic"
"626","USA",7.83,7.67,7.67,7.5,7.58,7.5,1784.19637859779,"Non Organic"
"627","Mexico",7.75,7.58,7.75,7.67,7.58,7.25,1400,"Non Organic"
"628","Colombia",8.08,7.67,7.33,7.33,7.17,7.67,1800,"Non Organic"
"629","Colombia",7.5,7.42,7.33,7.67,7.83,7.33,1784.19637859779,"Organic"
"630","Guatemala",7.5,7.42,7.75,7.5,7.5,7.42,1219.2,"Organic"
"631","Taiwan",7.67,7.42,7.42,7.58,7.5,7.5,1050,"Organic"
"632","Brazil",7.5,7.58,7.5,7.75,7.33,7.42,1784.19637859779,"Non Organic"
"633","Taiwan",7.25,7.25,7.08,7,7,7,200,"Organic"
"634","Brazil",7.42,7.42,7.33,7.25,7.67,7.5,1784.19637859779,"Non Organic"
"635","Indonesia",7.83,7.58,7.33,7.42,7.5,7.42,1250,"Organic"
"636","Thailand",7.75,7.33,7.67,7.42,7.5,7.42,800,"Non Organic"
"637","Thailand",7.42,7.58,7.42,7.58,7.5,7.58,1450,"Non Organic"
"638","Tanzania, United Republic Of",7.75,7.42,7.5,7.58,7.5,7.33,1317,"Non Organic"
"639","Uganda",7.83,7.5,7.58,7.42,7.42,7.42,1650,"Organic"
"640","Costa Rica",7.67,7.42,7.67,7,7.75,7.5,1300,"Organic"
"641","Mexico",7.58,7.58,7.75,7.67,7.67,7.42,1784.19637859779,"Non Organic"
"642","Guatemala",7.5,7.58,7.58,7.42,7.58,7.42,1784.19637859779,"Organic"
"643","Colombia",7.75,7.25,7.42,7.5,7.83,7.33,1750,"Non Organic"
"644","Colombia",7.75,7.5,7.25,7.33,7.58,7.75,1750,"Organic"
"645","Colombia",7.58,7.5,7.58,7.67,7.42,7.42,1750,"Organic"
"646","Mexico",7.5,7.58,7.5,7.42,7.5,7.5,1250,"Non Organic"
"647","Mexico",7.67,7.58,7.75,7.67,6.83,7.58,1150,"Non Organic"
"648","Colombia",7.33,7.42,7.42,7.67,7.5,7.58,1775,"Organic"
"649","Brazil",7.58,7.5,7.75,7.5,7.5,7.33,975,"Non Organic"
"650","Brazil",7.5,7.5,7.5,7.58,7.5,7.5,890,"Non Organic"
"651","Indonesia",7.83,7.75,7.5,7.42,7.33,7.25,1250,"Organic"
"652","Honduras",7.58,7.58,7.5,7.5,7.5,7.33,1400,"Non Organic"
"653","Guatemala",7.5,7.5,7.5,7.67,7.5,7.33,1219.2,"Organic"
"654","Thailand",7.5,7.83,7.75,7.33,7.42,7.5,800,"Non Organic"
"655","Thailand",7.33,7.5,7.5,7.67,7.5,7.5,1450,"Non Organic"
"656","Tanzania, United Republic Of",7.67,7.42,7.58,7.5,7.5,7.33,1600,"Non Organic"
"657","Tanzania, United Republic Of",7.75,7,7.58,7.58,7.58,7.42,1784.19637859779,"Organic"
"658","Mexico",7.42,7.58,7.67,7.25,7.5,7.5,1600,"Non Organic"
"659","Brazil",7.42,7.5,7.33,7.42,7.67,7.67,1260,"Non Organic"
"660","Guatemala",7.83,7.42,7.67,7.42,7.5,7.33,1310.64,"Organic"
"661","Colombia",7.5,7.5,7.42,7.58,7.58,7.42,1750,"Non Organic"
"662","Guatemala",7.83,7.67,7.33,7.5,7.67,7.17,1310.64,"Organic"
"663","Mexico",7.5,7.58,7.5,7.42,7.42,7.5,1679,"Non Organic"
"664","Mexico",7.67,7.5,7.67,7.5,7.33,7.33,1100,"Non Organic"
"665","Mexico",7.92,7.5,7.58,7.25,7.42,7.33,1650,"Non Organic"
"666","Guatemala",7.67,7.33,7.33,7.5,7.83,7.33,1784.19637859779,"Non Organic"
"667","Brazil",7.67,7.42,7.67,7.5,7.5,7.33,1250,"Non Organic"
"668","Colombia",7.67,7.5,7.5,7.25,7.67,7.33,1775,"Organic"
"669","USA",7.33,7.42,7.75,7.42,7.67,7.33,1784.19637859779,"Organic"
"670","Guatemala",7.75,7.58,7.67,7.58,7.58,7.67,1600,"Non Organic"
"671","Honduras",7.42,7.67,7.58,7.58,7.5,7.17,1500,"Non Organic"
"672","Guatemala",7.58,7.5,7.75,7.33,7.5,7.33,1700,"Non Organic"
"673","Guatemala",7.67,7.58,7.67,7.42,7.33,7.25,1700,"Organic"
"674","Guatemala",7.58,7.5,7.67,7.5,7.5,7.25,157.8864,"Organic"
"675","Guatemala",7.5,7.42,7.75,7.67,7.5,7.08,1784.19637859779,"Organic"
"676","Colombia",5.08,7.75,7.75,7.83,8.08,7.83,1600,"Organic"
"677","China",7.67,7.42,7.5,7.42,7.42,7.42,1600,"Non Organic"
"678","Brazil",7.42,7.5,7.5,7.25,7.42,7.33,1784.19637859779,"Non Organic"
"679","Tanzania, United Republic Of",7.67,7.25,7.42,7.67,7.42,7.42,2285,"Organic"
"680","Brazil",7.17,7.83,7.5,7.75,7.42,7.33,1,"Non Organic"
"681","Guatemala",7.5,7.5,7.67,7.42,7.5,7.5,1400,"Non Organic"
"682","Mexico",7.42,7.5,7.58,7.42,7.5,7.42,1296,"Non Organic"
"683","Brazil",7.58,7.67,7.5,7.5,7.42,7.33,1000,"Non Organic"
"684","Peru",7.58,7.58,7.75,7.5,7.58,7.58,1784.19637859779,"Non Organic"
"685","Brazil",7.25,7.33,7.5,7.42,7.5,7.25,1260,"Non Organic"
"686","Mexico",7.5,7.58,7.92,7.42,7.67,7.5,1170,"Non Organic"
"687","Honduras",7.25,7.67,7.17,7.75,7.5,7.42,1784.19637859779,"Non Organic"
"688","Colombia",7.67,7.42,7.5,7.58,7.5,7.33,1775,"Non Organic"
"689","Mexico",7.5,7.42,7.67,7.42,7.58,7.42,1560,"Non Organic"
"690","Mexico",7.42,7.58,7.42,7.58,7.5,7.5,1400,"Non Organic"
"691","Mexico",7.42,7.58,7.58,7.5,7.5,7.33,1300,"Non Organic"
"692","Mexico",7.75,7.33,7.58,7.58,7.33,7.25,1170,"Non Organic"
"693","Mexico",7.5,7.58,7.5,7.5,7.5,7.33,1300,"Non Organic"
"694","Mexico",7.58,7.58,7.5,7.5,7.5,7.17,1350,"Non Organic"
"695","Mexico",7.58,7.33,7.58,7.5,7.5,7.33,1150,"Non Organic"
"696","Mexico",7.67,7.58,7.42,7.58,7.33,7.33,1250,"Non Organic"
"697","Mexico",7.83,7.5,7.67,7.17,7.33,7.42,1450,"Non Organic"
"698","Colombia",7.67,7.33,7.42,7.5,7.67,7.25,442,"Organic"
"699","Brazil",7.75,7.5,7.42,7.5,7.42,7.42,1784.19637859779,"Non Organic"
"700","Colombia",7.33,7.58,7.58,7.42,7.58,7.17,1750,"Organic"
"701","Colombia",7.58,7.25,7.25,7.58,7.83,7.42,1750,"Organic"
"702","Honduras",7.5,7.58,7.5,7.42,7.42,7.33,1396,"Non Organic"
"703","Brazil",7.33,7.5,7.33,7.5,7.5,7.5,982,"Non Organic"
"704","Brazil",7.42,7.42,7.5,7.5,7.58,7.42,1784.19637859779,"Non Organic"
"705","Brazil",7.5,7.5,7.5,7.42,7.5,7.42,934,"Non Organic"
"706","Costa Rica",7.75,7.5,7.25,7.42,7.67,7.25,1850,"Organic"
"707","Costa Rica",7.75,7.33,7.5,7.33,7.58,7.5,1550,"Organic"
"708","China",7.5,7.58,7.5,7.42,7.42,7.42,1580,"Non Organic"
"709","Brazil",8.25,7.83,8.33,8.17,8.08,7.25,1268,"Non Organic"
"710","Brazil",7.42,7.5,7.42,7.5,7.58,7.5,1784.19637859779,"Non Organic"
"711","Guatemala",7.5,7.42,7.83,7.5,7.5,7.17,1676.4,"Non Organic"
"712","Malawi",7.33,7.58,7.58,7.33,7.5,7.42,1450,"Non Organic"
"713","Brazil",7.75,8.08,8.08,8.08,8,7.67,1100,"Non Organic"
"714","Guatemala",7.58,7.67,7.58,7.75,7.5,7.5,1524,"Organic"
"715","Mexico",7.33,7.58,7.5,7.5,7.5,7.42,1784.19637859779,"Non Organic"
"716","Colombia",7.42,7.33,7.17,7.08,8.33,7.5,1300,"Non Organic"
"717","Taiwan",7.5,7.5,7.5,7.5,7.5,7.5,200,"Organic"
"718","Taiwan",7.5,7.5,7.5,7.5,7.5,7.5,600,"Organic"
"719","Guatemala",7.5,7.42,7.5,7.5,7.58,7.58,1310.64,"Organic"
"720","Colombia",7.5,7.42,7.5,7.5,7.58,7.5,1750,"Non Organic"
"721","Mexico",7.67,7.5,7.5,7.42,7.42,7.42,1300,"Non Organic"
"722","Costa Rica",7.92,7.58,7.75,7.92,7.58,7.25,1784.19637859779,"Organic"
"723","Guatemala",7.67,7.5,7.67,7.5,7.33,7.33,1752.6,"Organic"
"724","Mexico",7.58,7.67,7.33,7,7.58,7.58,441,"Non Organic"
"725","Mexico",7.67,7.58,7.58,7.5,7.5,7.5,1170,"Non Organic"
"726","Guatemala",7.5,7.67,7.5,7.33,7.5,7.33,1310.64,"Organic"
"727","Brazil",7.58,7.5,7.5,7.5,7.42,7.42,1100,"Non Organic"
"728","Mexico",8,7.75,7.33,7.08,7.67,7.33,1300,"Non Organic"
"729","Brazil",7.58,7.58,7.58,7.42,7.5,7.25,950,"Non Organic"
"730","Colombia",7.83,7.58,7.25,7.58,7.42,7.33,442,"Organic"
"731","Brazil",7.58,7.5,7.42,7.67,7.33,7.25,1100,"Non Organic"
"732","Taiwan",7,7.08,7.17,7,7,7,1784.19637859779,"Organic"
"733","Guatemala",7.67,7.5,7.67,7.42,7.42,7.25,1450,"Non Organic"
"734","Brazil",7.42,7.67,7.08,7.5,7.42,7.5,1,"Non Organic"
"735","El Salvador",7.58,7.67,7.67,7.83,8.42,7.5,1500,"Non Organic"
"736","Honduras",7.58,7.5,7.58,7.42,7.42,7.42,1350,"Organic"
"737","Malawi",7.58,7.42,7.42,7.58,7.5,7.33,1180,"Non Organic"
"738","Brazil",7.75,7.58,7.42,7.33,7.33,7.42,1100,"Non Organic"
"739","Taiwan",7.5,7.5,7.5,7.5,7.5,7.5,650,"Organic"
"740","Mexico",7.58,7.58,7.42,7.42,7.42,7.42,1338,"Non Organic"
"741","USA",7.33,7.42,7.67,7.5,7.42,7.5,1784.19637859779,"Non Organic"
"742","Mexico",7.58,7.58,7.17,7.42,7.42,7.5,533,"Non Organic"
"743","Guatemala",7.5,7.5,7.58,7.67,7.33,7.33,1390.8024,"Organic"
"744","Mexico",7.5,7.58,7.67,7.33,7.42,7.42,1170,"Non Organic"
"745","Mexico",7.67,7.58,7.5,7.42,7.42,7.33,1250,"Non Organic"
"746","El Salvador",7.75,7.33,7.5,7.5,7.5,7.33,1784.19637859779,"Non Organic"
"747","Mexico",7.33,7.58,7.67,7.33,7.5,7.42,1100,"Non Organic"
"748","Mexico",7.42,7.5,7.58,7.42,7.5,7.42,900,"Non Organic"
"749","Colombia",7.5,7.42,7.33,7.58,7.33,7.67,1750,"Organic"
"750","Colombia",7.67,7.33,7.33,7.5,7.5,7.33,1775,"Organic"
"751","Brazil",7.67,7.58,7,7.5,7.58,7.42,1784.19637859779,"Non Organic"
"752","Colombia",7.17,7.25,7.25,7.58,7.67,7.58,1784.19637859779,"Organic"
"753","Brazil",7.42,7.42,7.42,7.42,7.5,7.5,934,"Non Organic"
"754","Honduras",7.5,7.5,7.42,7.5,7.5,7.17,1500,"Non Organic"
"755","Nicaragua",7.5,7.5,7.42,7.5,7.42,7.33,1000,"Non Organic"
"756","Tanzania, United Republic Of",7.58,7.42,7.33,7.5,7.42,7.42,1650,"Non Organic"
"757","Tanzania, United Republic Of",7.42,7.42,7.5,7.5,7.33,7.42,1600,"Organic"
"758","Brazil",6.92,7.58,7.33,7.83,7.5,7.42,1,"Non Organic"
"759","Thailand",7.42,7.42,7.75,7.25,7.67,7.17,800,"Non Organic"
"760","Honduras",7.67,7.5,7.42,7.58,7.42,7.25,1350,"Non Organic"
"761","Guatemala",7.42,7.42,7.5,7.42,7.5,7.5,1500,"Non Organic"
"762","Brazil",7.58,7.5,7.25,7.5,7.42,7.42,1784.19637859779,"Non Organic"
"763","Tanzania, United Republic Of",7.75,7.42,7.58,7.33,7.42,7.42,1700,"Organic"
"764","Mexico",7.42,7.33,7.42,7.33,8.17,7.17,1100,"Non Organic"
"765","Mexico",7.5,7.5,7.42,7.5,7.42,7.33,1400,"Non Organic"
"766","Taiwan",7.5,7.5,7.5,7.5,7.5,7.5,1200,"Organic"
"767","Taiwan",7.67,7.5,7.17,7.17,7.58,7.5,800,"Organic"
"768","Colombia",7.33,7.25,7.58,7.75,7.5,7.25,1750,"Organic"
"769","Mexico",7.5,7.67,7.5,7.33,7.5,7,1144,"Non Organic"
"770","Guatemala",7.25,7.75,7.75,8.17,7.75,7,1350,"Organic"
"771","Mexico",7.5,7.58,7.5,7.5,7.33,7.25,1000,"Non Organic"
"772","Mexico",7,7.67,7.5,7.42,7.5,7.5,1200,"Non Organic"
"773","Colombia",7.58,7.67,7.17,7.17,7.75,7.42,1800,"Non Organic"
"774","Indonesia",7.5,7.5,7.42,7.5,7.42,7.42,1300,"Organic"
"775","Colombia",7.75,7.58,7.67,7.83,7.58,7.42,1784.19637859779,"Non Organic"
"776","Brazil",7.42,7.58,7.5,7.42,7.25,7.42,894,"Non Organic"
"777","Brazil",7.25,7.25,7.58,7.25,7.92,7.58,1,"Non Organic"
"778","Costa Rica",7.75,7.42,7.25,7.17,7.42,7.42,1300,"Organic"
"779","Tanzania, United Republic Of",7.42,7.33,7.42,7.5,7.58,7.42,1500,"Non Organic"
"780","Tanzania, United Republic Of",7.42,7.5,7.33,7.33,7.5,7.5,1600,"Organic"
"781","Colombia",7.5,7.42,7.42,7.67,7.42,7.42,1784.19637859779,"Organic"
"782","Costa Rica",7.58,7.33,7.33,7.5,7.67,7.33,13,"Organic"
"783","USA",7.25,7.58,7.25,7.5,7.42,7.58,1784.19637859779,"Non Organic"
"784","Mexico",7.42,7.58,7.33,7.42,7.42,7.5,1300,"Non Organic"
"785","Mexico",7.5,7.42,7.5,7.25,7.5,7.42,1800,"Non Organic"
"786","Mexico",7.67,7.5,7.58,7.42,7.33,7.25,1250,"Non Organic"
"787","Vietnam",7.67,8,7.08,7.67,7.08,7.17,1040,"Organic"
"788","Mexico",7.58,7.42,7.75,7.33,7.42,7.25,1250,"Non Organic"
"789","USA",7.33,7.5,7.58,7.08,7.83,7.33,1784.19637859779,"Non Organic"
"790","Colombia",7.67,7.42,7.33,7.25,7.58,7.67,1600,"Organic"
"791","Honduras",7.5,7.5,7.5,7.5,7.42,7.17,1600,"Non Organic"
"792","Honduras",7.5,7.5,7.33,7.42,7.5,7.25,1600,"Non Organic"
"793","Brazil",7.5,7.33,7.5,7.33,7.42,7.42,944,"Non Organic"
"794","Tanzania, United Republic Of",7.67,7.33,7.42,7.42,7.42,7.33,1650,"Non Organic"
"795","Laos",7.42,7.5,7.33,7.5,7.5,7.25,1250,"Organic"
"796","Tanzania, United Republic Of",7.42,7.42,7.58,7.33,7.42,7.33,1350,"Non Organic"
"797","Malawi",7.5,7.42,7.58,7.33,7.5,7.33,2500,"Non Organic"
"798","Taiwan",7.33,7.5,7.42,7.5,7.33,7.17,600,"Non Organic"
"799","Thailand",7.58,7.5,7.42,7.33,7.42,7.42,800,"Non Organic"
"800","Costa Rica",7.5,7.25,7.33,7.75,7.5,7.33,1300,"Organic"
"801","Honduras",7.33,7.33,7.5,7.5,7.83,7.33,1400,"Non Organic"
"802","Colombia",7.33,7.33,7.5,7.5,7.58,7.58,1900,"Organic"
"803","Taiwan",7.42,7.58,7.42,8,7.5,7.33,650,"Organic"
"804","Brazil",7.33,7.67,7.17,7.33,7.42,7.42,1038.5,"Non Organic"
"805","Mexico",7.67,7.33,7.5,7.42,7.42,7.25,940,"Non Organic"
"806","Brazil",7.42,7.5,7.5,7.33,7.5,7.33,1000,"Non Organic"
"807","Brazil",7.42,7.5,7.5,7.5,7.42,7.25,1050,"Non Organic"
"808","Guatemala",7.33,7.33,7.5,7.67,7.67,7.33,1784.19637859779,"Non Organic"
"809","Brazil",7.58,7.5,7.5,7.5,7.42,7.17,950,"Non Organic"
"810","Guatemala",7.75,7.33,7.42,7.75,7.67,7.33,1402.08,"Organic"
"811","Colombia",7.33,7,7.42,7.5,7.67,7.08,1775,"Organic"
"812","Guatemala",7.58,7.5,7.58,7.58,7.5,7.25,1901,"Organic"
"813","Guatemala",7.5,7.5,7.42,7.42,7.42,7.25,1219.2,"Non Organic"
"814","Honduras",7.58,7.5,7.33,7.42,7.5,7.25,1400,"Non Organic"
"815","Brazil",7.42,7.33,7.5,7.5,7.33,7.33,1020,"Non Organic"
"816","El Salvador",7.67,7.58,7.5,7.5,7.67,7.33,1250,"Non Organic"
"817","Guatemala",7.58,7.58,7.83,7.17,7.33,7.17,1550,"Non Organic"
"818","Tanzania, United Republic Of",7.33,7.33,7.42,7.5,7.58,7.33,1877,"Organic"
"819","Nicaragua",7.58,7.42,7.17,7.5,7.67,7.25,1784.19637859779,"Non Organic"
"820","Honduras",7.42,7.33,7.58,7.33,7.5,7.33,1784.19637859779,"Non Organic"
"821","Taiwan",7.5,7.5,7.25,7.5,7.5,7.42,1000,"Organic"
"822","Mexico",7.58,7.5,7.58,7.5,7.25,7.25,1300,"Non Organic"
"823","Mexico",7.5,7.5,7.25,7.5,7.5,7.25,981,"Non Organic"
"824","Mexico",7.5,7.42,7.5,7.33,7.33,7.25,690,"Non Organic"
"825","Mexico",7.33,7.58,7.58,7.42,7.33,7.17,1650,"Non Organic"
"826","Mexico",7.67,7.42,7.83,7.5,7.5,7.33,1000,"Non Organic"
"827","Brazil",7.42,7.58,7.5,7.33,7.5,7.25,1100,"Non Organic"
"828","Colombia",7.67,7.33,7.58,7.33,7.33,7.33,1600,"Non Organic"
"829","Guatemala",7.42,7.5,7.5,7.33,7.42,7.25,157.8864,"Organic"
"830","Costa Rica",7.25,7.33,7.33,7.67,7.42,7.5,1900,"Organic"
"831","Brazil",7.42,7.5,7.5,7.42,7.25,7.42,973,"Non Organic"
"832","Indonesia",7.75,7.83,7.75,7.92,7.83,7.58,1250,"Organic"
"833","Guatemala",7.58,7.5,7.42,7.58,7.25,7.33,3280,"Organic"
"834","Brazil",7.17,7.58,7.5,7.75,7.25,6.83,1,"Non Organic"
"835","Brazil",7.58,7,6.92,7.67,7.5,6.92,1,"Non Organic"
"836","Myanmar",7.33,7.58,7.42,7.33,7.33,7.5,4001,"Organic"
"837","Mexico",7.58,7.5,7.5,7.17,7.33,7.33,1425,"Non Organic"
"838","Honduras",7.5,7.5,7.5,7.42,7.25,7.33,1400,"Non Organic"
"839","Costa Rica",7.67,7.5,7.25,7.08,7.42,7.5,1300,"Organic"
"840","Taiwan",7.67,7.33,7.25,7.75,7.33,7.17,700,"Organic"
"841","Indonesia",7.42,7.42,7.33,7.42,7.42,7.42,1300,"Non Organic"
"842","Malawi",7.58,7.42,7.33,7.33,7.42,7.33,1556,"Organic"
"843","Brazil",7.33,7.58,7.17,7.83,7.33,7.25,1100,"Non Organic"
"844","Honduras",7.5,7.5,7.33,7.33,7.33,7.33,1350,"Non Organic"
"845","Mexico",7.42,7.42,7.5,7.33,7.42,7.25,1550,"Non Organic"
"846","Colombia",7.5,7.5,7.42,7.5,7.58,7,1775,"Organic"
"847","USA",7.83,7.83,8,7.83,7.83,7.83,1784.19637859779,"Organic"
"848","Brazil",7.75,7.75,7.42,7.83,7.75,7.5,1250,"Non Organic"
"849","Guatemala",7.83,7.67,7.33,7.67,7.83,7.33,1310.64,"Organic"
"850","Mexico",7.83,7.33,7.58,7.25,7.33,7.25,1500,"Non Organic"
"851","Mexico",7.33,7.33,7.5,7.5,7.5,7.25,1250,"Non Organic"
"852","Brazil",7.33,7.67,7.5,7.5,7.25,7.25,925,"Non Organic"
"853","Colombia",7.58,7.5,7.58,7.33,7.33,7.17,1700,"Organic"
"854","USA",7.25,7.58,7.67,7.75,7.75,7.83,1784.19637859779,"Non Organic"
"855","Guatemala",7.5,7.5,7.42,7.42,7.33,7.25,1700,"Organic"
"856","Vietnam",7,7.08,7.5,7.5,7.33,7.33,1040,"Non Organic"
"857","Tanzania, United Republic Of",7.42,7.42,7.42,7.33,7.33,7.42,1600,"Organic"
"858","Brazil",7.17,7.25,7.25,7.42,8.25,7.17,1784.19637859779,"Non Organic"
"859","Mexico",7.5,7.5,7.42,7.25,7.25,7.33,774,"Non Organic"
"860","Mexico",7.42,7.5,7.67,7.33,7.42,7.17,1250,"Non Organic"
"861","Mexico",7.42,7.5,7.58,7.33,7.33,7.33,1100,"Non Organic"
"862","Mexico",7.33,7.42,7.67,7.42,7.25,7.33,1550,"Non Organic"
"863","Mexico",7.5,7.42,7.33,7.67,7.25,7.25,1650,"Non Organic"
"864","Colombia",7.33,7.42,7.33,7.5,7.67,7.33,1750,"Organic"
"865","Colombia",7.42,7.58,7.08,7.25,8,6.92,1775,"Organic"
"866","Brazil",7.42,7.5,7.5,7.5,7.25,7.25,890,"Non Organic"
"867","Guatemala",7.42,7.42,7.42,7.33,7.42,7.08,1700,"Organic"
"868","Guatemala",7.42,7.33,7.67,7.33,7.42,7.17,1219.2,"Organic"
"869","Honduras",7.58,7.5,7.33,7.42,7.25,7.33,1450,"Non Organic"
"870","Tanzania, United Republic Of",7.17,7.33,7.42,7.5,7.33,7.33,1800,"Non Organic"
"871","Nicaragua",7.58,7.5,7.25,7.5,7.25,7.25,1784.19637859779,"Non Organic"
"872","Colombia",7.75,7.75,7.67,5.25,7.83,7.75,1784.19637859779,"Organic"
"873","Brazil",7.25,7.75,7.42,7.5,7.58,6.92,1,"Non Organic"
"874","Tanzania, United Republic Of",7.42,7.33,7.42,7.5,7.42,7.25,1500,"Non Organic"
"875","Tanzania, United Republic Of",7.33,7.33,7.25,7.42,7.33,7.5,1700,"Non Organic"
"876","Brazil",7.25,7.42,7.5,7.5,7.42,7.25,1260,"Non Organic"
"877","Indonesia",7.17,7.42,7.42,7.33,7.42,7.33,1784.19637859779,"Organic"
"878","Honduras",7.5,7.33,7.5,7.17,7.17,7.5,1400,"Non Organic"
"879","Costa Rica",7.5,7.17,7.17,7.5,7.08,7.17,1850,"Organic"
"880","Mexico",7.42,7.42,8,7.58,7.5,7.67,1784.19637859779,"Non Organic"
"881","Taiwan",7.5,7.5,7.25,7.42,7.25,7.5,150,"Organic"
"882","Taiwan",7.58,7.42,7.42,7.33,7.33,7.33,750,"Organic"
"883","Mexico",7.5,7.42,7.58,7.33,7.33,7.08,1400,"Non Organic"
"884","Guatemala",7.5,7.67,7.33,7.33,7.33,7.33,1752.6,"Organic"
"885","Mexico",7.25,7.67,7.67,7.67,7.58,7.58,1650,"Non Organic"
"886","Mexico",7.67,7.25,7.75,7.5,7.25,7.17,1400,"Non Organic"
"887","Mexico",7.5,7.42,7.42,7.42,7.42,7.33,1200,"Non Organic"
"888","Mexico",7.58,7.42,7.58,7.25,7.17,7.25,1400,"Non Organic"
"889","Mexico",7.75,7.58,7.17,7.58,7.33,7.25,940,"Non Organic"
"890","USA",7.42,7.33,7.33,7.17,7.83,7.33,1784.19637859779,"Non Organic"
"891","Honduras",7.5,7.42,7.42,7.5,7.33,7.08,1200,"Non Organic"
"892","Guatemala",7.42,7.42,7.5,7.42,7.33,7.08,190164,"Organic"
"893","Taiwan",7.42,7.42,7.67,7.33,7.25,7.25,800,"Non Organic"
"894","Costa Rica",7.58,7.42,7.17,7.08,7.58,7.5,13,"Organic"
"895","Tanzania, United Republic Of",7.42,7.42,7.42,7.42,7.33,7.33,1800,"Non Organic"
"896","Malawi",7.42,7.42,7.58,7.33,7.33,7.17,1100,"Non Organic"
"897","Taiwan",7.33,7.17,7.08,8.33,8.25,7.08,850,"Organic"
"898","Brazil",7.42,7.42,7.33,7.5,7.25,7.33,1260,"Non Organic"
"899","Guatemala",7.42,7.33,7.58,7.42,7.5,7.17,1310.64,"Non Organic"
"900","Mexico",7.67,7.5,7.5,6.75,7.42,7.42,1400,"Non Organic"
"901","Mexico",7.33,7.5,7.5,7.5,7.17,7.25,1600,"Non Organic"
"902","Mexico",7.67,7.58,7.58,7.58,7.42,7.42,1650,"Non Organic"
"903","Thailand",7.08,7.33,7.58,7.17,7.5,7.58,1499.9208,"Organic"
"904","Thailand",7.33,7.33,7.5,7.58,7.33,7.17,1784.19637859779,"Organic"
"905","Costa Rica",7.25,7.17,7.33,7.5,7.75,7.33,1600.2,"Non Organic"
"906","Guatemala",7.67,7.58,7.42,7.33,7.42,7.17,1219.2,"Organic"
"907","Nicaragua",7.5,7.42,7.33,7.25,7.33,7.33,1100,"Non Organic"
"908","Honduras",7.5,7.5,7.42,7.17,7.25,7.33,1400,"Non Organic"
"909","Guatemala",7.5,7.42,7.25,7.5,7.25,7.25,1784.19637859779,"Organic"
"910","Taiwan",7.5,7.42,7.08,7.58,7.25,7.33,180,"Organic"
"911","Myanmar",7.25,7.42,7.5,7.33,7.33,7.25,1219.2,"Organic"
"912","Costa Rica",7.83,7.33,7.08,7.33,7.5,7.08,1200,"Organic"
"913","Malawi",7.67,7.42,7.5,7.5,7.17,6.92,1599,"Non Organic"
"914","Guatemala",7.5,7.42,7.58,7.25,7.42,7.17,1219.2,"Organic"
"915","Taiwan",7.42,7.33,7.33,7.42,7.5,7.67,900,"Organic"
"916","Brazil",7.58,7.5,7.67,7.67,7.83,7.5,1200,"Non Organic"
"917","Haiti",7.42,7.33,7.42,7.42,7.33,7.25,825,"Non Organic"
"918","Taiwan",7.5,7.42,7.25,7.33,7.33,7.25,600,"Organic"
"919","Mexico",7.33,7.33,7.42,7.5,7.5,7.17,1150,"Non Organic"
"920","Mexico",7.58,7.42,7.42,7.33,7.33,7.25,1600,"Non Organic"
"921","Mexico",7.42,7.25,7.42,7.17,8,7.17,1100,"Non Organic"
"922","Mexico",7.33,7.5,7.33,7.33,7.42,7.33,1000,"Non Organic"
"923","Mexico",7.42,7.42,7.17,7.25,7.42,7.33,1250,"Non Organic"
"924","Mexico",7.5,7.5,7.5,7.42,7.58,7.25,1100,"Non Organic"
"925","Indonesia",7.75,7.17,7.33,7.58,7.33,7.17,1400,"Organic"
"926","Brazil",7.5,7.42,7.42,7.5,7.33,7.17,125,"Non Organic"
"927","Guatemala",7.33,7.5,7.42,7.17,7.33,7.33,1784.19637859779,"Organic"
"928","Colombia",7.42,7.42,7.42,7.42,7.33,7.17,1450,"Organic"
"929","USA",7.33,7.33,7.5,7.5,7.83,7.33,1784.19637859779,"Non Organic"
"930","Mexico",7.58,7.33,7.33,7.5,7.33,7.08,1100,"Non Organic"
"931","Guatemala",7.42,7.33,7.58,7.33,7.25,7.08,1371.6,"Non Organic"
"932","Brazil",7.33,7.5,7.33,6.83,7.42,7.5,1100,"Non Organic"
"933","Honduras",7.5,7.33,7.25,7.5,7.42,7.17,1400,"Non Organic"
"934","Taiwan",7.83,7.75,7.17,7.08,7.08,7.42,110,"Non Organic"
"935","Malawi",7.58,7.17,7.42,7.08,7.42,7.33,1422,"Organic"
"936","Brazil",7.25,7.5,7.17,7.33,7.33,7.42,1100,"Non Organic"
"937","Guatemala",7.42,7.5,7.42,7.42,7.42,7.17,1550,"Non Organic"
"938","Mexico",7.67,7.33,7.17,7.25,7.42,7.25,1550,"Non Organic"
"939","Peru",7.42,7.42,7.33,7.42,7.42,7.17,1784.19637859779,"Non Organic"
"940","Guatemala",7.42,7.33,7.42,7.42,7.5,7.25,1310.64,"Organic"
"941","Mexico",7.42,7.33,7.17,7.25,7.42,7.25,763,"Non Organic"
"942","Mexico",7.42,7.42,7.25,7.5,7.33,7.25,1100,"Non Organic"
"943","Colombia",7.5,7.42,7.17,7.17,7.75,7.25,1750,"Non Organic"
"944","Colombia",7.75,7.33,7,7.33,7.25,7.42,1880,"Organic"
"945","USA",7.83,7,7.58,7.58,7.5,7,1784.19637859779,"Non Organic"
"946","Colombia",7.5,7.33,7.17,7.33,7.42,7.33,1784.19637859779,"Non Organic"
"947","Honduras",7.5,7.5,7.17,7.5,7.33,7,1500,"Non Organic"
"948","Mexico",7.67,7.42,7.42,7.58,7.08,7,1130,"Non Organic"
"949","Brazil",7.25,7.33,7.33,7.33,7.42,7.33,1100,"Non Organic"
"950","Honduras",7.58,7.42,7.42,7.17,7.17,7.17,1350,"Non Organic"
"951","Brazil",7.17,7.33,7.25,7.42,7.33,7.42,1200,"Non Organic"
"952","Philippines",7.08,7.33,7.33,7.33,7.5,7.42,1400,"Organic"
"953","Malawi",7.75,7.33,7.33,7.33,7.25,7.08,1200,"Non Organic"
"954","Honduras",7.33,7.33,7.33,7.5,7.33,7.17,1450,"Non Organic"
"955","Mexico",7.58,7.42,7.33,7.25,7.25,7.25,1800,"Non Organic"
"956","Mexico",7.33,7.25,7.42,7.58,7.33,7.17,1000,"Non Organic"
"957","Brazil",7.5,7.58,7.5,7.75,7.83,7.5,1100,"Non Organic"
"958","Taiwan",7.83,7.75,7.83,7.83,7.75,7.67,680,"Organic"
"959","Brazil",7.17,7.42,7.08,6.92,8.17,7.17,1,"Non Organic"
"960","Nicaragua",7.08,7.5,7.17,7.42,7.25,7.33,1100,"Non Organic"
"961","Honduras",7.42,7.17,7.5,7.33,7.25,7.17,1400,"Non Organic"
"962","Guatemala",7.33,7.42,7.25,7.42,7.33,7.17,1700,"Organic"
"963","Tanzania, United Republic Of",7.33,7.17,7.5,7.25,7.42,7.17,1700,"Non Organic"
"964","Taiwan",7.5,7.5,7.25,7.25,7.25,7.25,650,"Non Organic"
"965","Guatemala",7.5,7.33,7.58,7,7.25,7.5,1524,"Organic"
"966","Mexico",7.42,7.42,7.33,7.5,7.42,7.33,1500,"Non Organic"
"967","Nicaragua",7.33,7.5,7.17,7.58,7.17,7.17,1200,"Non Organic"
"968","Tanzania, United Republic Of",7.67,7.17,7.33,7.5,7.17,7.17,1050,"Organic"
"969","Mexico",7.75,7.58,7.25,7.08,7.25,7.08,1200,"Non Organic"
"970","Costa Rica",7.5,7.5,7.17,7.08,7.17,7.33,1300,"Organic"
"971","Honduras",7.42,7.33,7.42,7.33,7.33,7,1450,"Non Organic"
"972","Thailand",6.83,7.42,7.17,7.5,7.42,7.42,1450,"Organic"
"973","Philippines",7.25,7.25,7.08,7.58,7.5,7.25,1200,"Organic"
"974","Tanzania, United Republic Of",7.58,7.17,7.33,7.33,7.25,7.17,1550,"Non Organic"
"975","Malawi",7.58,7.25,7.08,7.33,7.33,7.33,995,"Non Organic"
"976","Costa Rica",7.33,7.08,7.25,7.33,7.58,7.33,1300,"Non Organic"
"977","Brazil",7.42,7.42,7.42,7.33,7.25,7.17,1784.19637859779,"Non Organic"
"978","Mexico",7.42,7.25,7.75,7.42,7.17,7.08,1800,"Non Organic"
"979","Guatemala",7.42,7.25,7.25,7.25,7.42,7.33,1450,"Non Organic"
"980","Brazil",7.42,7.33,7.42,7.5,7.17,7.25,1000,"Non Organic"
"981","USA",7.25,7.75,7.67,7.42,7.67,7.67,1784.19637859779,"Non Organic"
"982","Ethiopia",7.42,7.33,7.33,7.42,7.17,7.17,1784.19637859779,"Non Organic"
"983","Brazil",7.58,7.42,7.25,7.75,7.58,7.5,695,"Non Organic"
"984","Nicaragua",7.33,7.33,7.42,7.33,7.33,7.33,1100,"Non Organic"
"985","USA",7.42,7.17,7.42,7.25,7.33,7.33,1706.88,"Non Organic"
"986","Tanzania, United Republic Of",7.42,7.33,7.25,7.25,7.33,7.33,1456,"Non Organic"
"987","Costa Rica",7.42,7.25,7.25,7.25,7.58,7.17,1500,"Organic"
"988","USA",7.67,7.75,7.58,7.58,7.67,7.67,853.44,"Non Organic"
"989","Mexico",7.25,7.42,7.33,7.17,7.33,7.33,1650,"Non Organic"
"990","Mexico",7.33,7.25,7.42,7.25,7.42,7.33,1300,"Non Organic"
"991","Mexico",7.33,7.33,7.42,7.25,7.25,7.25,1642,"Non Organic"
"992","Mexico",7.42,7.33,7.42,7.17,7.25,7.25,1200,"Non Organic"
"993","USA",7.42,7.42,7.58,6.92,7.17,7.25,1784.19637859779,"Organic"
"994","Brazil",7.25,7.25,7.5,7.33,7.17,7.17,1784.19637859779,"Non Organic"
"995","El Salvador",7.42,7.08,7.33,7.25,7.58,7.08,1450,"Non Organic"
"996","Brazil",7.33,7.17,7.67,7.33,7.17,7.17,1784.19637859779,"Non Organic"
"997","Guatemala",7.42,7.25,7.5,7.25,7.17,7.17,3280,"Organic"
"998","Colombia",7.67,7.5,5.25,7.67,7.75,7.42,1600,"Organic"
"999","Guatemala",7.5,7.25,7.25,7.5,7.25,7,1219.2,"Organic"
"1000","Taiwan",7.25,7.17,7.25,7.5,7.33,7.17,758,"Non Organic"
"1001","Honduras",7.42,7.25,7.33,7.25,7.17,7.25,1350,"Non Organic"
"1002","Brazil",7.67,7.75,7.75,7.83,7.75,7.83,1784.19637859779,"Non Organic"
"1003","Tanzania, United Republic Of",7.33,7.33,7.42,7.17,7.33,7.08,1525,"Non Organic"
"1004","Uganda",7.33,6.92,7.33,7.42,7.42,7.17,1700,"Organic"
"1005","Taiwan",7.5,6.92,7.33,7.33,7.33,7.33,1100,"Non Organic"
"1006","Thailand",7.33,7.42,7.42,7.25,7.17,7.25,800,"Non Organic"
"1007","Mexico",7.08,7.33,7.33,7.42,7.25,7.33,950,"Non Organic"
"1008","Mexico",7.58,7.67,7.67,7.58,7.5,7.5,1100,"Non Organic"
"1009","Taiwan",7.33,7.17,7.33,7.33,7.25,7.25,200,"Organic"
"1010","Guatemala",7.67,7.67,7.58,7.67,7.5,7.33,1901,"Organic"
"1011","Kenya",7.17,7.58,7.5,8,7.75,7.5,1600,"Non Organic"
"1012","Mexico",7.5,7.33,7.42,7.5,7.33,7.17,1100,"Non Organic"
"1013","Myanmar",7.17,7.42,7.58,7.33,7,7,1066.8,"Organic"
"1014","USA",7.42,7.08,7.17,7.58,7.25,7.17,1784.19637859779,"Organic"
"1015","Tanzania, United Republic Of",7.33,7.17,7.25,7.42,7.33,7.17,1700,"Organic"
"1016","Brazil",7.25,7.33,7.25,7.25,7.33,7.25,1200,"Non Organic"
"1017","Taiwan",7.92,7.67,7.08,7.08,7.08,7.33,550,"Organic"
"1018","Brazil",7.17,7.42,7.25,7.25,7.33,7.17,1100,"Non Organic"
"1019","Nicaragua",7.33,7.08,7,7.5,7.42,7.25,1050,"Non Organic"
"1020","Guatemala",7.58,7.42,7.5,7.25,7.17,6.92,1524,"Non Organic"
"1021","Taiwan",7.42,7.25,7.25,7.25,7.25,7.25,900,"Organic"
"1022","Taiwan",7.25,7.17,7.08,7.08,8.08,7.08,688,"Organic"
"1023","Taiwan",7.42,7.25,7.25,7.25,7.25,7.25,300,"Non Organic"
"1024","Mexico",7.58,7.33,7.5,7.17,7.25,7.08,1186,"Non Organic"
"1025","Thailand",7.67,7.58,7.33,7.17,7,7.33,1784.19637859779,"Non Organic"
"1026","Laos",7.42,7.33,7.17,7.17,7.25,7.17,1300,"Non Organic"
"1027","Guatemala",7.67,7.25,7.33,7.17,7.25,7.08,1200,"Organic"
"1028","Mexico",7.17,7.08,7.42,7.25,7.33,7.25,1210,"Non Organic"
"1029","Mexico",7.33,7.25,7.33,7.25,7.17,7.33,1100,"Non Organic"
"1030","Mexico",7.5,7.17,7.25,7.17,7.17,7.33,100,"Non Organic"
"1031","USA",7.42,7.33,7.25,7.33,7.5,7,1784.19637859779,"Non Organic"
"1032","Colombia",7.33,7.33,6.83,7.33,7.67,7,1800,"Organic"
"1033","Brazil",7.17,7.25,7.17,7.25,7.58,7.08,1784.19637859779,"Non Organic"
"1034","Myanmar",6.92,7.5,7.58,7.5,7.08,7,3825,"Non Organic"
"1035","Guatemala",7.5,7.33,7.42,7.17,7.17,7,1706.88,"Organic"
"1036","Nicaragua",7.25,7.25,7.25,7.33,7.25,7.17,110000,"Non Organic"
"1037","Honduras",7.5,7.33,7.42,7.25,7.17,7,1450,"Non Organic"
"1038","Panama",7.25,7.33,7.33,7.33,7.17,7.17,1680,"Non Organic"
"1039","Honduras",7.42,7.17,7.42,7.25,7.25,7.08,1350,"Non Organic"
"1040","Honduras",7.25,7.33,7.5,7.25,7.33,7.08,1450,"Non Organic"
"1041","Costa Rica",7.33,7.33,7.25,7.17,7.17,7.25,1300,"Non Organic"
"1042","Mexico",7.58,7.33,7.25,7.5,7.5,7.42,1200,"Non Organic"
"1043","Haiti",7.42,7,7.25,7.08,7.33,7.42,1000,"Non Organic"
"1044","USA",7.08,7.33,7.25,7.33,7.67,7.17,1784.19637859779,"Non Organic"
"1045","Taiwan",7.33,7.08,7.08,7.42,7.33,7.08,1784.19637859779,"Organic"
"1046","Indonesia",7.58,7.42,7.67,7.5,7.5,7,1350,"Organic"
"1047","Guatemala",7.67,7.42,7.17,7.42,7.17,6.83,1500,"Organic"
"1048","Costa Rica",7.83,7.5,7.67,7.83,7.5,7.67,185,"Organic"
"1049","Malawi",7.5,7.25,7.17,7.25,7.17,7.17,995,"Non Organic"
"1050","Mexico",7.25,7.17,7.25,7.17,7.42,7.17,1200,"Non Organic"
"1051","Colombia",7.67,7.5,7.67,7.5,7.75,7.42,1550,"Organic"
"1052","Guatemala",7.67,7.17,7.5,7,7,7,1550,"Organic"
"1053","Guatemala",7,7.33,7.33,7,7.33,7.5,1784.19637859779,"Non Organic"
"1054","Guatemala",7,7.5,7.17,7.17,7.17,7.33,1784.19637859779,"Non Organic"
"1055","Colombia",7.17,7.25,7.42,7.08,7.42,7.08,1784.19637859779,"Organic"
"1056","Brazil",7.33,7.25,7.08,7.58,7.25,7.33,1784.19637859779,"Non Organic"
"1057","Nicaragua",7.08,7.5,7.25,7.42,7,7,1784.19637859779,"Non Organic"
"1058","Tanzania, United Republic Of",7.25,7.08,7.33,7.33,7.25,7.08,1400,"Non Organic"
"1059","Brazil",7.42,7.25,7,7.08,7.25,7.33,1200,"Non Organic"
"1060","Honduras",7.5,7.17,7.42,7.33,7,7,1400,"Non Organic"
"1061","Guatemala",7.17,7.42,7.5,7.17,7.25,6.83,1383.792,"Non Organic"
"1062","USA",7.42,7.58,7.92,7.83,7.83,7.5,1784.19637859779,"Non Organic"
"1063","Colombia",7.08,7.25,7.5,7.08,7.33,7,1784.19637859779,"Organic"
"1064","Taiwan",7.17,7.17,7.42,7.17,7.25,7.17,50,"Organic"
"1065","Guatemala",7.33,7.25,7.17,7.25,7.17,7.08,1500,"Organic"
"1066","Honduras",7.58,7.33,7.17,7.33,7.08,7,1650,"Non Organic"
"1067","Brazil",7.25,7.33,7.5,7.33,7.25,7.17,1250,"Non Organic"
"1068","Myanmar",7.17,7.33,7.42,7.25,7.08,7.17,3800,"Organic"
"1069","Guatemala",7.5,7.17,7.5,7.17,7.17,6.83,1219.2,"Organic"
"1070","Brazil",7.42,7.42,7.33,7.67,7.5,7.08,1250,"Non Organic"
"1071","USA",7.42,7.33,7.58,7.58,7.42,7.33,1784.19637859779,"Non Organic"
"1072","Guatemala",7.5,7.5,7.67,7.17,7,7,1859.28,"Organic"
"1073","Mexico",7.25,7.25,7.33,7.25,7.17,7.08,1450,"Non Organic"
"1074","Honduras",7.25,7.42,7.42,7.33,7,7,1450,"Non Organic"
"1075","Taiwan",7.58,7.17,7.17,7.17,7.17,7.17,600,"Organic"
"1076","El Salvador",7.33,7.17,7.08,7.33,7.17,7.08,1450,"Non Organic"
"1077","China",7.25,7.08,7.17,7.33,7.17,7.25,1700,"Non Organic"
"1078","Taiwan",7.25,7.25,7.25,7.25,7.25,7.17,600,"Organic"
"1079","Mexico",6.92,7.17,7.5,7.33,7.17,7.08,1050,"Non Organic"
"1080","Mexico",7.42,7.08,7.33,7.25,7.17,7.08,1550,"Non Organic"
"1081","Burundi",7.08,7.25,7.33,7.08,7.08,7.17,1700,"Organic"
"1082","Tanzania, United Republic Of",7.25,7.17,7.25,7.42,7.08,7,1700,"Non Organic"
"1083","Tanzania, United Republic Of",7.25,7.17,7.25,7.25,7.08,7.25,1784.19637859779,"Non Organic"
"1084","Taiwan",7.25,7.25,7.25,7.25,7.25,7.08,600,"Organic"
"1085","Guatemala",7.33,7.33,7.5,7,7.17,6.83,1310.64,"Organic"
"1086","Mexico",7.25,7.08,7.33,7.33,7.17,7.08,940,"Non Organic"
"1087","USA",7.17,7.5,7.33,7.67,7.33,6.92,1784.19637859779,"Non Organic"
"1088","Ethiopia",7.25,7.25,7.33,7.5,8,7.25,1784.19637859779,"Non Organic"
"1089","Brazil",7.17,7.33,7.08,7,7,7.42,995,"Non Organic"
"1090","Honduras",7.25,7.25,7,7.42,7,7,1400,"Non Organic"
"1091","Mexico",7.25,7.17,7.33,7.33,7,7,1600,"Non Organic"
"1092","Myanmar",8,7.08,7.33,7.08,6.92,7,914.4,"Organic"
"1093","Myanmar",7.42,7,7,7.17,7.33,7.08,4287,"Organic"
"1094","Nicaragua",7.08,6.92,7.25,7.5,7.25,7,900,"Non Organic"
"1095","USA",7.5,7.08,7.67,7.42,7.58,7.67,1784.19637859779,"Non Organic"
"1096","Colombia",7.42,8,7.75,8.08,7.58,7.83,1784.19637859779,"Non Organic"
"1097","Taiwan",7.25,7.08,7.25,7.17,7.25,7.25,700,"Organic"
"1098","Guatemala",7,7.17,7.33,7,7.17,7.33,1400,"Non Organic"
"1099","Mexico",7.58,7.33,7.25,6.75,7,7.17,808,"Non Organic"
"1100","Vietnam",7.42,7.25,7.58,7.42,7.33,7.25,1550,"Organic"
"1101","Nicaragua",7.17,7.08,7.33,7.25,7.08,7.08,1187.5,"Non Organic"
"1102","Honduras",7.25,7.25,7.17,7.08,7.08,7,1400,"Non Organic"
"1103","Guatemala",7.33,7.33,7.17,7.17,7.17,7,1310.64,"Organic"
"1104","Mexico",7.33,7.08,7.42,7.25,7.08,6.92,1250,"Non Organic"
"1105","Mexico",7.58,7.42,7.5,7.08,7.17,7.33,1550,"Non Organic"
"1106","Mexico",7.33,7.33,7.08,7.25,7,7.17,1000,"Non Organic"
"1107","Guatemala",7.33,7.33,7.33,7,7,7,1310.64,"Non Organic"
"1108","USA",7.58,7.5,7.33,7.67,7.33,7.33,1784.19637859779,"Non Organic"
"1109","Brazil",7.17,7.17,7.17,7.25,7.25,7,1100,"Non Organic"
"1110","Taiwan",7.42,7.25,7.17,7,7,7.25,850,"Organic"
"1111","Nicaragua",7.25,7.17,7.25,7.17,7.25,6.92,1784.19637859779,"Non Organic"
"1112","Taiwan",7.25,7.25,7.25,7.08,7,7.25,200,"Organic"
"1113","Taiwan",7.25,7.25,7,7.25,7.08,7.25,150,"Organic"
"1114","Taiwan",7.25,7.25,7.08,7.17,7.08,7.25,250,"Organic"
"1115","Mexico",7.33,7.17,7.08,7.08,7.08,7.25,1300,"Non Organic"
"1116","Mexico",7.25,7.08,7.17,7.33,7.17,7,1300,"Non Organic"
"1117","Nicaragua",7.33,7.08,7.08,7.42,7.17,6.92,1250,"Non Organic"
"1118","Myanmar",7.17,7.33,7.42,7.17,7,7,3845,"Organic"
"1119","Mexico",7.58,7.75,7.5,7.5,7.5,7.42,1400,"Non Organic"
"1120","Taiwan",7.25,7.25,7,7.25,7,7.25,250,"Organic"
"1121","Thailand",7.33,6.67,7.42,7.42,7.08,7.08,800,"Non Organic"
"1122","Mexico",7.25,7.25,7.17,7.33,7.33,7.08,1250,"Non Organic"
"1123","Mexico",7.08,7.33,7.33,7.08,7,7,1100,"Non Organic"
"1124","Ethiopia",7.42,7.42,7.92,7.75,7.58,7.5,1784.19637859779,"Non Organic"
"1125","Colombia",7.83,7.67,7.75,7.83,7.17,7.58,1784.19637859779,"Organic"
"1126","USA",7.5,7,6.92,7.33,7.17,7,1784.19637859779,"Organic"
"1127","Mexico",7.33,7.08,7.33,7.42,7.17,7.08,1300,"Non Organic"
"1128","Mexico",7.17,7.17,7.25,7.33,7.08,6.92,1100,"Non Organic"
"1129","Mexico",7.5,7.17,7.17,7.25,7.08,7,1100,"Non Organic"
"1130","Mexico",7.17,7.08,7.08,7.5,7.33,7.08,1100,"Non Organic"
"1131","Mexico",7.33,7.25,7.42,7.17,7.17,7,1250,"Non Organic"
"1132","Mexico",7.17,7.33,7.58,7.33,7.08,7.08,1250,"Non Organic"
"1133","USA",7.5,7.42,7.42,7.5,7.58,7.58,1784.19637859779,"Non Organic"
"1134","Kenya",7,7.08,7.17,7.25,7.25,7,1500,"Non Organic"
"1135","Guatemala",7.33,7.25,7.33,7.25,7.33,6.92,1700,"Organic"
"1136","Nicaragua",6.83,7.17,6.92,7.5,7.08,7.17,1250,"Non Organic"
"1137","Mexico",7.17,7.08,7.25,7.5,7,7,1300,"Non Organic"
"1138","USA",7.58,7.08,7.17,7.5,7.17,6.83,1784.19637859779,"Non Organic"
"1139","Guatemala",7.5,7.42,7.58,7.33,7.42,7.25,190164,"Non Organic"
"1140","Taiwan",7.75,7.33,7.33,7.67,7.83,7.17,1000,"Organic"
"1141","Taiwan",7.08,7.08,7,7.17,7.17,7.25,600,"Organic"
"1142","Thailand",7.25,7.08,7.5,7.08,6.92,6.92,800,"Organic"
"1143","Peru",7,7.08,7.25,7.5,7.42,7,1784.19637859779,"Non Organic"
"1144","Costa Rica",7.58,7.5,7.75,7.67,7.58,7.67,1100,"Organic"
"1145","Mexico",7.58,7.08,7,7.5,6.92,7,1400,"Non Organic"
"1146","Mexico",7.58,7.08,7.58,7.5,6.92,6.92,1022,"Non Organic"
"1147","Mexico",7.25,7.08,7.17,7.17,7.08,7,1300,"Non Organic"
"1148","Mexico",7.25,7.17,7.08,7.17,7,7.17,1450,"Non Organic"
"1149","Mexico",7.33,7.25,7.08,7.08,7,7,1050,"Non Organic"
"1150","Guatemala",7.58,7.33,7.33,7,7.33,7.5,1784.19637859779,"Organic"
"1151","Mexico",7.25,6.83,7.08,7.25,7.08,6.92,1100,"Non Organic"
"1152","Guatemala",7.42,7.42,7.58,7.42,7.33,7.25,1219.2,"Non Organic"
"1153","El Salvador",7.25,7.08,6.83,7.33,7.17,7,1250,"Non Organic"
"1154","Thailand",6.92,7.17,7.42,7.17,7.08,6.83,800,"Non Organic"
"1155","Guatemala",7.5,7,7.08,7.08,7.17,6.83,1310.64,"Organic"
"1156","Mexico",7.42,7.25,7.58,7.17,6.58,6.83,1400,"Non Organic"
"1157","Mexico",7.33,7.17,6.75,7.08,7,7,975,"Non Organic"
"1158","Mexico",6.92,7.17,7.17,7.08,7.08,7.17,1264,"Non Organic"
"1159","Thailand",7.17,7.17,7,7.25,6.92,7,1784.19637859779,"Organic"
"1160","Mexico",7.08,7,7.33,7.25,7.08,6.92,1250,"Non Organic"
"1161","Mexico",7.25,6.92,7.33,7.25,7,6.92,1550,"Non Organic"
"1162","Colombia",7.25,7.17,6.75,7.17,7.33,7,1800,"Organic"
"1163","Guatemala",7.08,7,7.33,7.25,7,6.83,1325.88,"Organic"
"1164","Nicaragua",6.92,6.92,7.42,7.25,7,7,1050,"Non Organic"
"1165","Taiwan",6.92,7,7,7.42,7,7.17,700,"Organic"
"1166","Colombia",7.83,7.5,7.42,7.67,7.5,7.42,1550,"Non Organic"
"1167","Mexico",7.25,7.08,7.25,7.58,7.08,6.92,1550,"Non Organic"
"1168","Mexico",7.25,7.33,7.25,7.17,7.17,7,1100,"Non Organic"
"1169","Guatemala",7.08,7.33,7.58,7.33,7.42,7.25,1219.2,"Non Organic"
"1170","Guatemala",7.25,7.33,7,7,7.17,6.83,1219.2,"Organic"
"1171","Mexico",7,6.83,7.42,7.33,7.17,6.83,800,"Non Organic"
"1172","Colombia",7.42,7.25,7.25,7.42,7.25,6.75,1200,"Organic"
"1173","Mexico",7,7,7.33,7.42,6.92,6.83,950,"Non Organic"
"1174","Mexico",7.42,7.17,7.17,7.08,7.08,7.08,750,"Non Organic"
"1175","Guatemala",7.17,6.5,7.25,7.58,7.33,6.33,1784.19637859779,"Organic"
"1176","Taiwan",7.08,6.83,7.25,7.42,7.08,6.83,850,"Organic"
"1177","Mexico",7,7,7.17,7.17,7.08,6.92,1000,"Non Organic"
"1178","Guatemala",7.33,7.42,7.42,7.5,7.42,7.33,1219.2,"Organic"
"1179","Honduras",7.58,7,6.92,7,6.92,6.75,1650,"Non Organic"
"1180","Guatemala",7.08,7,7.42,7,6.92,6.92,1320,"Organic"
"1181","Guatemala",7.25,7.17,7.25,7,6.92,6.75,1550,"Organic"
"1182","Costa Rica",7.17,7.42,8,7.25,7.83,7.5,1784.19637859779,"Organic"
"1183","Mexico",7.25,7.08,7.08,7.17,7.17,6.92,1550,"Non Organic"
"1184","Mexico",7.17,6.92,7.08,7.17,7,6.92,1450,"Non Organic"
"1185","Mexico",6.75,6.75,7.25,7.58,7.08,6.83,1200,"Non Organic"
"1186","Guatemala",7.58,7.67,7.42,7.67,7.67,7.42,1700,"Non Organic"
"1187","USA",7.42,7.08,7.33,7.33,6.92,6.75,853.44,"Non Organic"
"1188","Mexico",7.33,7,7.25,7.33,7.08,6.92,1500,"Non Organic"
"1189","Mexico",7.25,7.08,7.33,7.42,7,6.75,1100,"Non Organic"
"1190","Mexico",7.17,7.25,7.17,7.25,7.08,7.25,1200,"Non Organic"
"1191","Guatemala",7.33,7.17,7.42,7.08,6.83,6.58,1219.2,"Non Organic"
"1192","Honduras",7,7,7,7,7,7,1350,"Non Organic"
"1193","Peru",7.67,7.17,7.25,8,7.5,7.08,1400,"Non Organic"
"1194","Mexico",6.75,7.08,7.25,7.17,7.08,6.67,1300,"Non Organic"
"1195","Mexico",7.5,7.17,7.5,7.25,7,6.92,1550,"Non Organic"
"1196","Mexico",7.17,6.83,7.25,7.17,6.92,6.83,12,"Non Organic"
"1197","Mexico",7.33,7,7.08,7.17,7.25,6.75,1300,"Non Organic"
"1198","Mexico",7.5,7,7.08,6.92,6.75,6.92,1400,"Non Organic"
"1199","Nicaragua",7.17,7,7,7,7,6.92,1100,"Non Organic"
"1200","USA",7.5,6.92,7.25,7.58,7.42,6.92,1784.19637859779,"Non Organic"
"1201","Guatemala",7.33,7.08,7.25,7,7,6.33,1310.64,"Non Organic"
"1202","Mexico",7.25,6.83,7,7.17,7,6.83,1320,"Non Organic"
"1203","Mexico",7.25,7.33,7.25,7.08,7,7.17,1250,"Non Organic"
"1204","Mexico",7.67,7.17,7.33,7.58,7.17,6.83,1350,"Non Organic"
"1205","China",7,6.92,7.17,7.17,7.17,6.83,1850,"Non Organic"
"1206","Mexico",6.92,6.92,7.25,7.17,6.92,6.67,1150,"Non Organic"
"1207","Nicaragua",7.08,7,6.83,7.08,6.92,6.75,1784.19637859779,"Non Organic"
"1208","Nicaragua",6.83,7.08,6.75,7.25,7.08,6.92,1784.19637859779,"Non Organic"
"1209","Guatemala",7.33,7.17,7.58,7.25,7.17,6.92,1219.2,"Non Organic"
"1210","Taiwan",6.83,6.75,7.25,7,6.92,7.17,800,"Non Organic"
"1211","Mexico",7,7,7.33,6.92,6.92,6.75,1400,"Non Organic"
"1212","Mexico",7.92,7.58,7.92,7.92,7.5,7.58,1300,"Non Organic"
"1213","USA",7.92,6.83,7.42,6.75,7.33,7.08,1784.19637859779,"Non Organic"
"1214","Mexico",7.25,6.75,6.92,7.25,7.58,6.92,1600,"Non Organic"
"1215","Mexico",7.08,6.83,7,7,6.92,6.83,1400,"Non Organic"
"1216","Mexico",7.25,7.17,6.83,7.58,7.08,7,1200,"Non Organic"
"1217","Brazil",6.83,7,7.08,6.92,6.83,6.92,1784.19637859779,"Non Organic"
"1218","Mexico",7.58,7.17,7.17,7.33,7,7,1500,"Non Organic"
"1219","USA",7.5,7.75,7.83,7.92,7.92,7.58,1784.19637859779,"Organic"
"1220","Guatemala",7.17,6.5,7,7.17,7.17,6.67,1219.2,"Organic"
"1221","Guatemala",7.17,7.17,7.17,7,6.83,6.5,1310.64,"Non Organic"
"1222","Mexico",7.25,7.25,7.5,7.33,7.42,7,1300,"Non Organic"
"1223","Guatemala",7.17,6.08,7.25,7.33,7.33,6.17,1784.19637859779,"Non Organic"
"1224","USA",7.5,7.5,7.58,7.5,7.42,7.33,1784.19637859779,"Non Organic"
"1225","USA",7.42,7.33,7.5,7.67,7.75,7.33,1784.19637859779,"Non Organic"
"1226","Indonesia",6.92,6.83,6.92,6.92,6.83,6.92,1300,"Organic"
"1227","Mexico",7.08,6.83,7.25,7.25,6.92,6.67,1050,"Non Organic"
"1228","Taiwan",7.5,7.08,7.17,7.5,7.5,7.33,650,"Non Organic"
"1229","Honduras",6.83,7,7,7,6.83,6.67,1350,"Non Organic"
"1230","USA",7.58,7.33,7.42,7.5,7.33,7.5,1784.19637859779,"Organic"
"1231","Guatemala",7.42,7.25,7.33,7,6.92,6.83,1219.2,"Non Organic"
"1232","China",7.33,7.17,7.08,7.33,7,6.92,1200,"Non Organic"
"1233","Guatemala",7,6.83,7.17,6.67,6.83,6.83,1310.64,"Organic"
"1234","Mexico",7.25,7.33,7,7.25,7.08,7,850,"Non Organic"
"1235","Colombia",7.42,7.17,7.17,7.67,7.17,7,1784.19637859779,"Organic"
"1236","Costa Rica",7.5,7.25,7,7.08,6.83,7.42,1200,"Organic"
"1237","Mexico",7.42,7.25,7,7.25,7.08,7,1248,"Non Organic"
"1238","Guatemala",7.17,6.17,7.08,7.33,6.83,6.17,1784.19637859779,"Organic"
"1239","Nicaragua",7.42,7,7.17,7.08,7,7,1000,"Non Organic"
"1240","Brazil",7,6.75,6.83,7.08,6.83,6.67,1784.19637859779,"Non Organic"
"1241","Guatemala",7,6.83,7.17,6.83,6.83,6.67,1310.64,"Organic"
"1242","Taiwan",7.17,6.75,7.33,7.33,7.17,6.58,775,"Organic"
"1243","USA",7.58,7.67,7.67,7.42,7.42,7.58,1784.19637859779,"Non Organic"
"1244","Mexico",7.17,6.75,6.75,6.83,6.75,6.58,1300,"Non Organic"
"1245","Guatemala",7.08,6.92,7,6.92,7,6.33,1310.64,"Organic"
"1246","Brazil",7.5,7.33,7.58,7.58,6.92,7.42,890,"Non Organic"
"1247","Guatemala",7.33,7,7.17,7.17,7.17,6.83,1219.2,"Organic"
"1248","Mexico",7.33,7,7,6.92,6.92,6.67,1500,"Non Organic"
"1249","Haiti",6.83,6.83,6.75,6.92,6.92,6.83,825,"Non Organic"
"1250","USA",7.08,6.92,6.67,7.58,7.42,6.83,1784.19637859779,"Non Organic"
"1251","Mexico",7.08,7,7.25,7.33,7.25,7,1200,"Non Organic"
"1252","Peru",7.42,7.75,7.67,7.92,7.83,7.42,1200,"Non Organic"
"1253","Mexico",6.67,6.33,6.83,7,6.92,6.42,1200,"Non Organic"
"1254","Guatemala",6.42,6.5,7.33,6.33,6.92,6.5,1784.19637859779,"Organic"
"1255","Mexico",7.17,6.58,7,7.25,6.58,6.58,1100,"Non Organic"
"1256","Guatemala",7.5,7,7.5,7.17,7.33,6.83,1310.64,"Organic"
"1257","Guatemala",6.17,6.5,7.17,7,6.83,6.5,1784.19637859779,"Organic"
"1258","USA",7.25,7.08,7.17,7.33,6.83,6.83,1784.19637859779,"Non Organic"
"1259","USA",7.5,7.33,7.58,7.67,7.25,7.33,1784.19637859779,"Non Organic"
"1260","Mexico",7.42,7,7.08,6.92,6.83,6.83,1400,"Non Organic"
"1261","Indonesia",7.33,7,6.08,7.58,6.33,6.5,3500,"Organic"
"1262","Mexico",7.08,6.83,7.17,7.17,7.08,6.83,1250,"Non Organic"
"1263","Honduras",6.83,6.83,6.83,7,6.83,6.67,1350,"Non Organic"
"1264","Philippines",6.83,6.5,6.92,6.75,7,6.5,1000,"Organic"
"1265","Brazil",7.17,7,7.5,7.17,7,6.83,1784.19637859779,"Non Organic"
"1266","Guatemala",7.92,7.58,7.58,7.33,7.17,7.17,1310.64,"Organic"
"1267","Guatemala",6.67,6.5,7,7.17,6.75,6.33,1784.19637859779,"Organic"
"1268","Mexico",7.5,7.25,7,7.17,6.83,6.92,1100,"Non Organic"
"1269","Mexico",7.17,6.92,6.83,7.25,7.75,6.67,1200,"Non Organic"
"1270","Mexico",7.25,6.83,7.08,7.17,6.83,6.67,1100,"Non Organic"
"1271","Mexico",7.17,7.17,7.17,7.42,6.67,6.83,1280,"Non Organic"
"1272","Mexico",7,6.92,6.92,7.17,6.83,6.75,850,"Non Organic"
"1273","Mexico",7.08,6.75,7,7,6.75,6.58,1500,"Non Organic"
"1274","Mexico",7.33,6.75,7.25,7.5,7,6.67,1250,"Non Organic"
"1275","Guatemala",6.75,6.5,7,7.25,6.75,6.17,1784.19637859779,"Non Organic"
"1276","Guatemala",6.75,6.67,7.17,7,6.58,6.17,1784.19637859779,"Non Organic"
"1277","Mexico",7.08,7,7.5,7.33,6.83,6.83,1700,"Non Organic"
"1278","USA",7.5,7.25,7.25,7.42,7.33,7,1784.19637859779,"Non Organic"
"1279","Guatemala",6.5,6.33,7.5,7.33,6.83,6.5,1310.64,"Organic"
"1280","Mexico",7,6.58,6.83,7.08,6.83,6.67,1140,"Non Organic"
"1281","Mexico",6.92,6.42,7.33,7.25,6.75,6.17,1200,"Non Organic"
"1282","Mexico",7.67,7,7.58,7.33,7.33,7.17,1250,"Non Organic"
"1283","USA",7.17,7.17,7.58,7.67,6.92,7.17,1784.19637859779,"Non Organic"
"1284","Brazil",7.25,6.58,7,7,6.42,6.58,1784.19637859779,"Non Organic"
"1285","Honduras",7,7.17,7.17,7,7.17,6.83,1350,"Non Organic"
"1286","Mexico",7.08,7.08,7.08,6.92,6.92,6.92,1200,"Non Organic"
"1287","Colombia",8,7.33,7.33,7.42,7.67,7.75,1784.19637859779,"Organic"
"1288","USA",6.92,6.92,7.5,7.58,7.17,6.92,1784.19637859779,"Non Organic"
"1289","Haiti",6.92,6.75,7.17,7.33,6.67,7.08,1020,"Non Organic"
"1290","Costa Rica",6.33,6.5,6.83,6.33,6.5,6.33,1200,"Non Organic"
"1291","Mexico",6.92,6.92,6.92,7.17,7,6.92,800,"Non Organic"
"1292","Mexico",6.5,6.67,7.17,7.33,6.5,6.42,1800,"Non Organic"
"1293","Mexico",6.92,7,6.92,7.42,6.92,6.83,1000,"Non Organic"
"1294","Brazil",7,7,7,7.33,6.83,6.83,1784.19637859779,"Non Organic"
"1295","Honduras",6.67,6.5,6.67,6.83,6.17,6.17,1450,"Non Organic"
"1296","Honduras",7,6.17,6.67,6.5,6.17,6.17,1450,"Non Organic"
"1297","Honduras",7,6.33,6.5,6.67,6.17,6.17,1450,"Non Organic"
"1298","Mexico",7.08,6.83,7.42,7.25,6.75,6.25,900,"Non Organic"
"1299","Haiti",6.75,6.58,6.67,7.08,6.67,6.42,350,"Non Organic"
"1300","Nicaragua",7.25,6.58,6.25,6.42,6.08,6.33,1100,"Non Organic"
"1301","Guatemala",7.5,6.67,7.67,7.33,6.67,6.67,1417.32,"Non Organic"
"1302","Honduras",0,0,0,0,0,0,1400,"Non Organic"
